codigo_ine_provincia,nombre_provincia,nombre_fundacion,enlace_detalle,codigo_registro,timestamp,nif,numero_registro,fecha_extincion,fecha_constitucion,fecha_inscripcion,domicilio,localidad,codigo_postal,provincia_detalle,telefono,fax,email,web,fecha_extraccion
20,Gipuzkoa,RESPETO,https://fundosbuscador.mjusticia.gob.es/fundosbuscador/DetalleFundacion.action?idFundacion=14831&index=1&lang=es_ES,=14831,2026-01-27T18:50:55.825943,G84429042,706CUL,,20/06/2005,26/04/2006,"C/ Peña y Goñi, nº 9, 4º izda",San Sebastian,20002,Guipúzcoa,,,,,2026-01-27T19:11:07.771553
20,Gipuzkoa,LABORAL AYMA,https://fundosbuscador.mjusticia.gob.es/fundosbuscador/DetalleFundacion.action?idFundacion=15911&index=1&lang=es_ES,=15911,2026-01-27T18:50:55.846832,,13EMP,,21/04/1978,21/04/1978,"C/ Piedad, 24",Zumárraga,20700,Guipúzcoa,943729070,,,,2026-01-27T19:11:09.356529
20,Gipuzkoa,ZULUETA,https://fundosbuscador.mjusticia.gob.es/fundosbuscador/DetalleFundacion.action?idFundacion=16250&index=1&lang=es_ES,=16250,2026-01-27T18:50:55.857014,G20611356,265SND,,24/11/1997,03/07/1998,"C/Zubieta, 12",San Sebastián,20007,Guipúzcoa,,,,,2026-01-27T19:11:10.968031
20,Gipuzkoa,ASCODEL,https://fundosbuscador.mjusticia.gob.es/fundosbuscador/DetalleFundacion.action?idFundacion=16251&index=1&lang=es_ES,=16251,2026-01-27T18:50:55.877624,G20863478,266SND,,31/12/2004,06/04/2005,"Avda. de Ategorrieta, 9 - 3º dcha",San Sebastián,20013,Guipúzcoa,,,ascodel@ascodel.org,,2026-01-27T19:11:12.544250
20,Gipuzkoa,TXEMA ELORZA,https://fundosbuscador.mjusticia.gob.es/fundosbuscador/DetalleFundacion.action?idFundacion=16252&index=1&lang=es_ES,=16252,2026-01-27T18:50:55.900661,G20962551,267SND,,30/11/2007,03/06/2008,"Plaza Anzarán, 11 Trasera",Irún,20301,Guipúzcoa,943632239,,,,2026-01-27T19:11:14.411224
20,Gipuzkoa,ETIOPIAUTOPIA FUNDAZIOA TIKAL,https://fundosbuscador.mjusticia.gob.es/fundosbuscador/DetalleFundacion.action?idFundacion=16253&index=1&lang=es_ES,=16253,2026-01-27T18:50:55.919287,G75005926,268SND,,20/07/2009,08/09/2009,"Paseo Mikeletegui, 53 - E . 2ª (Parque Tecnológico de San Sebastián)",Donostia- San Sebastián,20009,Guipúzcoa,,,,,2026-01-27T19:11:16.857672
20,Gipuzkoa,LA SONRISA DE LA ESPERANZA,https://fundosbuscador.mjusticia.gob.es/fundosbuscador/DetalleFundacion.action?idFundacion=17973&index=1&lang=es_ES,=17973,2026-01-27T18:50:55.939775,G75192641,2072JUS,,05/01/2018,11/07/2018,"Paseo Federico García Lorca nº 7, Local 6",Donostia-San Sebastián,20014,Guipúzcoa,943431543,,,,2026-01-27T19:11:18.503272
20,Gipuzkoa,DELEGACION DE PAISAIA EUROPEAN LANDSCAPE FOUNDATION LTD,https://fundosbuscador.mjusticia.gob.es/fundosbuscador/DetalleFundacion.action?idFundacion=18535&index=1&lang=es_ES,=18535,2026-01-27T18:50:55.963075,W0086792I,2702JUS,,09/04/2021,24/03/2023,"Calle Altzo Muino, 73",Altzo,20268,Guipúzcoa,,,,,2026-01-27T19:11:19.949149
20,Gipuzkoa,JASON,https://fundosbuscador.mjusticia.gob.es/fundosbuscador/DetalleFundacion.action?idFundacion=18873&index=1&lang=es_ES,=18873,2026-01-27T18:50:55.985538,G98637507,2956JUS,,29/04/2014,14/11/2024,"Pº de Heriz, 95",San Sebastián,20008,Guipúzcoa,,,,,2026-01-27T19:11:21.603921
21,Huelva,JUAN MANUEL FLORES JIMENO,https://fundosbuscador.mjusticia.gob.es/fundosbuscador/DetalleFundacion.action?idFundacion=3447&index=1&lang=es_ES,=3447,2026-01-27T18:50:59.465902,G21275318,438EDU,,25/02/1999,29/03/1999,"Avenida Martín Alonso Pinzón, 10",Huelva,21003,Huelva,959282815,959282815,fundacionjmfj@terra.com,http://www.fundacionjmfj.com,2026-01-27T19:11:23.146223
21,Huelva,CEREBRO Y SALUD,https://fundosbuscador.mjusticia.gob.es/fundosbuscador/DetalleFundacion.action?idFundacion=5567&index=1&lang=es_ES,=5567,2026-01-27T18:50:59.485696,G21493275,1334CIN,,03/11/2010,11/02/2011,"Avenida de Madrid, 3 - portal 5 - 1º C",Huelva,21001,Huelva,959285812,,,,2026-01-27T19:11:24.831473
21,Huelva,SOCIAL Y CULTURAL DE LA CAJA RURAL DEL SUR,https://fundosbuscador.mjusticia.gob.es/fundosbuscador/DetalleFundacion.action?idFundacion=14425&index=1&lang=es_ES,=14425,2026-01-27T18:50:59.500939,G21344080,508CUL,,29/10/2002,19/12/2002,"C/. Alcalde Mora Claros, nº 6, puerta A",Huelva,21001,Huelva,959252548,959280842,fundacion.3187@cajarural.com,,2026-01-27T19:11:27.111236
21,Huelva,VALDOCCO,https://fundosbuscador.mjusticia.gob.es/fundosbuscador/DetalleFundacion.action?idFundacion=16254&index=1&lang=es_ES,=16254,2026-01-27T18:50:59.516149,G21210000,269SND,,16/01/1995,16/07/1996,"C/Gladiolo,s/n Bda.del Torrejón",Huelva,21005,Huelva,959545013,959153164,valdocco@valdocco.org,,2026-01-27T19:11:29.109862
21,Huelva,COLUMBA PACIS,https://fundosbuscador.mjusticia.gob.es/fundosbuscador/DetalleFundacion.action?idFundacion=16255&index=1&lang=es_ES,=16255,2026-01-27T18:50:59.531639,G21366430,270SND,,21/10/2003,17/12/2003,"C/Reynols, 45 sector G",Matalascañas,21760,Huelva,959441813,959441813,presidente@columbapacis.org,http://www.columbapacis.org,2026-01-27T19:11:30.849842
21,Huelva,DOCTOR D. MANUEL NIETO BARRERA,https://fundosbuscador.mjusticia.gob.es/fundosbuscador/DetalleFundacion.action?idFundacion=16256&index=1&lang=es_ES,=16256,2026-01-27T18:50:59.546509,G21424460,271SND,,26/07/2006,12/01/2007,"Avda. Martín Alonso Pinzón, 15 - entreplanta 13",Huelva,21003,Huelva,,,,,2026-01-27T19:11:32.411082
21,Huelva,DON CRISTOBAL DIAZ ALVAREZ,https://fundosbuscador.mjusticia.gob.es/fundosbuscador/DetalleFundacion.action?idFundacion=16257&index=1&lang=es_ES,=16257,2026-01-27T18:50:59.566496,G21436167,272SND,,11/04/2007,19/07/2007,"c/ Lagunita, s/n",La Zarza,21310,Huelva,,,,,2026-01-27T19:11:34.014309
21,Huelva,PARA TRABAJADORES EXTRANJEROS EN HUELVA,https://fundosbuscador.mjusticia.gob.es/fundosbuscador/DetalleFundacion.action?idFundacion=16258&index=1&lang=es_ES,=16258,2026-01-27T18:50:59.582096,G21452958,273SND,,12/02/2008,27/06/2008,"Residencia Tariquejos, carretera HU-3401 - Km. 7,5",Cartaya,21450,Huelva,,959096266,fundacionfuteh@gmail.com,,2026-01-27T19:11:36.005689
21,Huelva,EUROPEA PARA LA COOPERACION NORTE-SUR,https://fundosbuscador.mjusticia.gob.es/fundosbuscador/DetalleFundacion.action?idFundacion=16259&index=1&lang=es_ES,=16259,2026-01-27T18:50:59.601291,G91243998,274SND,,30/08/2002,23/06/2003,"C/ Pérez Galdós, 106",Huelva,21002,Huelva,959285378,,,,2026-01-27T19:11:37.708408
21,Huelva,"CARIDAD, INFANCIA Y DESARROLLO",https://fundosbuscador.mjusticia.gob.es/fundosbuscador/DetalleFundacion.action?idFundacion=17215&index=1&lang=es_ES,=17215,2026-01-27T18:50:59.619429,G91803304,1230SND,,05/03/2009,29/05/2009,"Avda.Cristóbal Colón, 39. Fase 3.1, Casa 10",El Portil,21459,Huelva,649547862,,fundacion@fundacioncaridadinfancia.org,http://www.fundacioncaridadinfancia.org,2026-01-27T19:11:39.364629
21,Huelva,PRENAUTA,https://fundosbuscador.mjusticia.gob.es/fundosbuscador/DetalleFundacion.action?idFundacion=17914&index=1&lang=es_ES,=17914,2026-01-27T18:50:59.639861,G21575493,2006JUS,,20/12/2016,07/02/2018,"CALLE SALVADOR, Nº 17",HUELVA,21003,Huelva,678635814,,,,2026-01-27T19:11:41.065038
21,Huelva,ALMANATURA FUNDACION PARA LA REACTIVACION RURAL,https://fundosbuscador.mjusticia.gob.es/fundosbuscador/DetalleFundacion.action?idFundacion=18340&index=1&lang=es_ES,=18340,2026-01-27T18:50:59.656046,G21613880,2366JUS,,12/05/2020,04/03/2021,"C/ Grande Trasera, nº 6",Arroyomolinos de León,21280,Huelva,660057868,,,,2026-01-27T19:11:42.759994
22,Huesca,DEPORTE SOLIDARIO,https://fundosbuscador.mjusticia.gob.es/fundosbuscador/DetalleFundacion.action?idFundacion=5136&index=1&lang=es_ES,=5136,2026-01-27T18:51:03.026186,G24555898,1019EDU,,21/03/2007,21/01/2008,"Urbanización Formigal. Edificio Montesquí, bajo",Sallent de Gallego,22640,Huesca,675662613,,fundaciondeportesolidario@hotmail.com,,2026-01-27T19:11:44.540279
22,Huesca,GARCÍA - ESTEBAN,https://fundosbuscador.mjusticia.gob.es/fundosbuscador/DetalleFundacion.action?idFundacion=15542&index=1&lang=es_ES,=15542,2026-01-27T18:51:03.040821,G22374953,1501CUL,,19/06/2012,04/09/2012,"Urbanización Parque de Guara, 132",Nueno,22193,Huesca,974271043,,rapelu@gmail.com,http://www.duogarciaesteban.com,2026-01-27T19:11:46.264091
22,Huesca,PODOACTIVA,https://fundosbuscador.mjusticia.gob.es/fundosbuscador/DetalleFundacion.action?idFundacion=15612&index=1&lang=es_ES,=15612,2026-01-27T18:51:03.054227,G22381404,1575EDU,,15/02/2013,24/06/2013,"Parque Tecnológico Walqa Carretera nacional 330A, Km. 566- Edificio Podoactiva",Cuarte,22197,Huesca,,,,,2026-01-27T19:11:47.873862
22,Huesca,CASA AMPARO DE BARBASTRO,https://fundosbuscador.mjusticia.gob.es/fundosbuscador/DetalleFundacion.action?idFundacion=16260&index=1&lang=es_ES,=16260,2026-01-27T18:51:03.069874,G22008007,275SND,,01/01/1767,14/02/1905,"Avda. San Josemaría Escrivá, 1",Barbastro,22300,Huesca,974310298,974316029,casaamparo@grupo7.com,,2026-01-27T19:11:49.917453
22,Huesca,TRIAS BARCO,https://fundosbuscador.mjusticia.gob.es/fundosbuscador/DetalleFundacion.action?idFundacion=16262&index=1&lang=es_ES,=16262,2026-01-27T18:51:03.080118,G22326375,277SND,,04/06/2007,22/10/2007,"Avda. de Madrid, 37 - Entlo. 1ª",Fraga,22520,Huesca,,,,,2026-01-27T19:11:51.589813
22,Huesca,ANDROMEDA FUNDACION,https://fundosbuscador.mjusticia.gob.es/fundosbuscador/DetalleFundacion.action?idFundacion=16263&index=1&lang=es_ES,=16263,2026-01-27T18:51:03.102089,G25584053,278SND,,14/07/2005,04/07/2008,"c/ Masarrabal, 5 - 1ºE",Fraga,22520,Huesca,973777503,,,,2026-01-27T19:11:53.275661
22,Huesca,ETNODIVERSIDAD,https://fundosbuscador.mjusticia.gob.es/fundosbuscador/DetalleFundacion.action?idFundacion=16264&index=1&lang=es_ES,=16264,2026-01-27T18:51:03.116233,G22337281,279SND,,04/04/2008,31/07/2009,"Avda. de la Merced, 31",Barbastro,22300,Huesca,,,,,2026-01-27T19:11:55.217152
22,Huesca,ROCKCAMP ACAMPALIA,https://fundosbuscador.mjusticia.gob.es/fundosbuscador/DetalleFundacion.action?idFundacion=16687&index=1&lang=es_ES,=16687,2026-01-27T18:51:03.133154,G83864918,702SND,,30/12/2003,18/03/2004,"C/ Cabestany, 2 - 2º A",Huesca,22005,Huesca,660392192,,kalimedes@kalimedes.org,,2026-01-27T19:11:56.857755
22,Huesca,OSAPIENS FOUNDATION,https://fundosbuscador.mjusticia.gob.es/fundosbuscador/DetalleFundacion.action?idFundacion=18112&index=1&lang=es_ES,=18112,2026-01-27T18:51:03.152574,G22424287,2163JUS,,21/11/2018,26/02/2019,"Plaza de Cataluña nº 1, Oficinas",Huesca,22004,Huesca,974228233,,lara@estalloasesores.com,,2026-01-27T19:11:58.655405
22,Huesca,CASTILLO DE LOARRE,https://fundosbuscador.mjusticia.gob.es/fundosbuscador/DetalleFundacion.action?idFundacion=18620&index=1&lang=es_ES,=18620,2026-01-27T18:51:03.162873,G22274781,2476JUS,,17/07/2003,18/01/2022,"C/ Cabestany, 2 - 2º A",Huesca,22002,Huesca,,,,,2026-01-27T19:12:00.318548
22,Huesca,CORN FOR A BETTER WORLD,https://fundosbuscador.mjusticia.gob.es/fundosbuscador/DetalleFundacion.action?idFundacion=18477&index=1&lang=es_ES,=18477,2026-01-27T18:51:03.186713,G05279963,2528JUS,,18/03/2021,21/03/2022,Carretera de Monzón a Fonz Km 6,Almunia de San Juan,22420,Huesca,,,,,2026-01-27T19:12:02.007695
22,Huesca,ARRANZ RASO,https://fundosbuscador.mjusticia.gob.es/fundosbuscador/DetalleFundacion.action?idFundacion=18713&index=1&lang=es_ES,=18713,2026-01-27T18:51:03.201377,G10778827,2635JUS,,27/05/2022,08/11/2022,"Casa Silvestre, calle Valle de Sositana 3",Castejón de Sos,22466,Huesca,,,,,2026-01-27T19:12:03.657387
22,Huesca,HAND IN HAND,https://fundosbuscador.mjusticia.gob.es/fundosbuscador/DetalleFundacion.action?idFundacion=18391&index=1&lang=es_ES,=18391,2026-01-27T18:51:03.216050,G02637783,2718JUS,,29/09/2020,27/04/2023,"Plaza de Europa número 2, 4ºA.",Monzón,22400,Huesca,,,,,2026-01-27T19:12:07.317688
23,Jaén,ALBOR,https://fundosbuscador.mjusticia.gob.es/fundosbuscador/DetalleFundacion.action?idFundacion=4374&index=1&lang=es_ES,=4374,2026-01-27T18:51:07.173739,G83343863,637EDU,,06/06/2002,10/10/2002,"CARRETERA DE MADRID, 21",JAÉN,23009,Jaén,,,info@fundacionalbor.org,http://www.fundacionalbor.org,2026-01-27T19:12:08.972385
23,Jaén,CENTRO EMPRESARIAL Y SECTORIAL PARA LA INNOVACIÓN TECNOLÓGICA,https://fundosbuscador.mjusticia.gob.es/fundosbuscador/DetalleFundacion.action?idFundacion=4873&index=1&lang=es_ES,=4873,2026-01-27T18:51:07.196171,G23537954,877CIN,,28/07/2005,08/03/2006,"Avenida de Andalucía, 100 - 1º",Jaén,23006,Jaén,953089020,,,,2026-01-27T19:12:10.716142
23,Jaén,PARA LA EDUCACIÓN Y LA FORMACIÓN INFANTIL (F.E.L.Í.),https://fundosbuscador.mjusticia.gob.es/fundosbuscador/DetalleFundacion.action?idFundacion=4885&index=1&lang=es_ES,=4885,2026-01-27T18:51:07.210973,G23483191,945EDU,,19/09/2002,08/01/2007,"C/. Blas Infante, Nº 1, portal 5, 3K",Úbeda,23400,Jaén,953754504,,g_l_ubeda@hotmail.com,,2026-01-27T19:12:12.441446
23,Jaén,CENTRO DE DOCUMENTACIÓN MUSICAL-CASA MUSEO ANDRÉS SEGOVIA,https://fundosbuscador.mjusticia.gob.es/fundosbuscador/DetalleFundacion.action?idFundacion=10371&index=1&lang=es_ES,=10371,2026-01-27T18:51:07.227479,G23383151,335CUL,,18/05/1995,12/11/1997,"C/ Cánovas del Castillo, 59",Linares,23700,Jaén,953651390,953651390,fundacion@segoviamuseo.com,http://www.segoviamuseo.com,2026-01-27T19:12:15.141995
23,Jaén,CAJA RURAL DE JAÉN,https://fundosbuscador.mjusticia.gob.es/fundosbuscador/DetalleFundacion.action?idFundacion=15046&index=1&lang=es_ES,=15046,2026-01-27T18:51:07.246326,G23590490,750CUL,,17/01/2007,06/03/2007,"C/. Madrid, 26",La Carolina,23200,Jaén,953660186,953265120,,,2026-01-27T19:12:17.172197
23,Jaén,QUBBET EL-HAWA,https://fundosbuscador.mjusticia.gob.es/fundosbuscador/DetalleFundacion.action?idFundacion=15473&index=1&lang=es_ES,=15473,2026-01-27T18:51:07.263080,G23679897,1012CUL,,18/03/2011,15/07/2011,"Virgen de la Capilla, 7 5º",Jaén,23001,Jaén,,,,,2026-01-27T19:12:19.100129
23,Jaén,CATALINA MIR,https://fundosbuscador.mjusticia.gob.es/fundosbuscador/DetalleFundacion.action?idFundacion=16265&index=1&lang=es_ES,=16265,2026-01-27T18:51:07.277689,G23026750,280SND,,15/11/1979,31/12/1980,"C/Ejido de la Alcantarilla,14",Jaén,23002,Jaén,953233738,953233757,secretario@catalinamir.org,http://www.catalinamir.org,2026-01-27T19:12:21.159287
23,Jaén,MARTIN HALAJA,https://fundosbuscador.mjusticia.gob.es/fundosbuscador/DetalleFundacion.action?idFundacion=16266&index=1&lang=es_ES,=16266,2026-01-27T18:51:07.292020,G23381668,281SND,,13/01/1998,12/03/1998,"Pza. del Ayuntamiento, 1",La Carolina,23200,Jaén,953660034,953660255,,,2026-01-27T19:12:22.718450
23,Jaén,EUROLINGUA,https://fundosbuscador.mjusticia.gob.es/fundosbuscador/DetalleFundacion.action?idFundacion=16267&index=1&lang=es_ES,=16267,2026-01-27T18:51:07.308238,G23447279,282SND,,14/03/2001,20/07/2001,"C/Doctor Sagaz Zubelzu (Tablerón), 18",Jaén,23001,Jaén,953240244,953240244,fundacion@eurolingua.e.telefonica.net,,2026-01-27T19:12:24.590619
23,Jaén,NAYADES,https://fundosbuscador.mjusticia.gob.es/fundosbuscador/DetalleFundacion.action?idFundacion=16269&index=1&lang=es_ES,=16269,2026-01-27T18:51:07.319355,G23457732,284SND,,06/09/2001,11/03/2002,"Avda. de las Cruces, 3 - 1ºC",Jaén,23003,Jaén,953221493,953221493,gestora_gestora@yahoo.es,,2026-01-27T19:12:26.203404
23,Jaén,HUMANITAS,https://fundosbuscador.mjusticia.gob.es/fundosbuscador/DetalleFundacion.action?idFundacion=16270&index=1&lang=es_ES,=16270,2026-01-27T18:51:07.339464,G23329436,285SND,,26/10/2001,28/02/2002,"Mercado Mayoristas, 3 - Polígono de los Olivares",Jaén,23009,Jaén,953281789,953281789,humanitas1@hotmail.com,,2026-01-27T19:12:27.793152
23,Jaén,LEGADO LITERARIO DE MIGUEL HERNÁNDEZ,https://fundosbuscador.mjusticia.gob.es/fundosbuscador/DetalleFundacion.action?idFundacion=17838&index=1&lang=es_ES,=17838,2026-01-27T18:51:07.353229,G23775935,1935JUSOP,,27/03/2017,13/07/2018,"PLAZA SAN JUAN DE DIOS, Nº 2",Jaén,23004,Jaén,953248000,,fundacionlegadomh@dipujaen.es,,2026-01-27T19:12:29.643320
23,Jaén,ALFONSO VIII,https://fundosbuscador.mjusticia.gob.es/fundosbuscador/DetalleFundacion.action?idFundacion=17876&index=1&lang=es_ES,=17876,2026-01-27T18:51:07.366834,G23778319,2052JUS,,10/07/2017,29/05/2018,"C/ Cervantes, Nº 10",Santa Elena,23213,Jaén,667995581,,ricardo@chamorroconsultores.com,,2026-01-27T19:12:31.196783
23,Jaén,FUNDACIÓN CLEARDENT,https://fundosbuscador.mjusticia.gob.es/fundosbuscador/DetalleFundacion.action?idFundacion=18807&index=1&lang=es_ES,=18807,2026-01-27T18:51:07.387261,G72787211,2738JUS,,15/11/2022,06/07/2023,AV EDUARDO GARCIA MARTOTO. Nº 2 ENTREPLANTA OFICINAS C Y D,Jaén,23007,Jaén,,,contabilidad@cleardent.es,,2026-01-27T19:12:32.858278
23,Jaén,JOSÉ LUIS MARTÍN LÓPEZ,https://fundosbuscador.mjusticia.gob.es/fundosbuscador/DetalleFundacion.action?idFundacion=18920&index=1&lang=es_ES,=18920,2026-01-27T18:51:07.403841,G13850557,2877JUS,,24/04/2023,24/04/2024,"Polígono Industrial Los Rubiales II, Calle Cuatro, s/n",Linares,23700,Jaén,,,,,2026-01-27T19:12:34.604520
24,León,"CIUDAD DE LA ENERGÍA – CIUDEN, F.S.P.",https://fundosbuscador.mjusticia.gob.es/fundosbuscador/DetalleFundacion.action?idFundacion=4983&index=1&lang=es_ES,=4983,2026-01-27T18:51:10.953643,G84737238,913EDU-IET,,28/07/2006,02/08/2006,"Avenida Presidente Rodríguez Zapatero, s/n",Cubillos del Sil,24492,León,987456323,987419570,sara.fernandez@ciuden.es,http://www.ciuden.es,2026-01-27T19:12:36.558727
24,León,DON PEDRO DE TOLEDO,https://fundosbuscador.mjusticia.gob.es/fundosbuscador/DetalleFundacion.action?idFundacion=14062&index=1&lang=es_ES,=14062,2026-01-27T18:51:10.970861,G24418097,425CUL,,17/06/2000,05/09/2000,Casa Consistorial,Villafranca del Bierzo,24500,León,,,,,2026-01-27T19:12:38.935243
24,León,INSTITUTO EUROPEO DEL CAMINO DE SANTIAGO,https://fundosbuscador.mjusticia.gob.es/fundosbuscador/DetalleFundacion.action?idFundacion=14382&index=1&lang=es_ES,=14382,2026-01-27T18:51:10.987056,G24458697,498CUL,,14/06/2002,02/10/2002,"Plaza Mayor, 15",Sahagún,24320,León,987781194,987781194,fiecs@iultreia.net,http://www.iultreia.net,2026-01-27T19:12:40.818301
24,León,EUTHERPE,https://fundosbuscador.mjusticia.gob.es/fundosbuscador/DetalleFundacion.action?idFundacion=14645&index=1&lang=es_ES,=14645,2026-01-27T18:51:10.997999,G24496747,604CUL,,02/06/2004,25/06/2004,"C/. Cardenal Landázuri, 6",León,24003,León,987272986,,,,2026-01-27T19:12:42.566315
24,León,REINA ISABEL I,https://fundosbuscador.mjusticia.gob.es/fundosbuscador/DetalleFundacion.action?idFundacion=14720&index=1&lang=es_ES,=14720,2026-01-27T18:51:11.016137,G24505992,649CUL,,13/12/2004,13/04/2005,"Urbanización El Mirador, Chalet, 9",Trobajo del Camino,24010,León,,,,,2026-01-27T19:12:44.114473
24,León,SABER.ES,https://fundosbuscador.mjusticia.gob.es/fundosbuscador/DetalleFundacion.action?idFundacion=14732&index=1&lang=es_ES,=14732,2026-01-27T18:51:11.029550,G24506891,642CUL,,21/12/2004,14/03/2005,"C/. Roa de la Vega, 18 - bajo",León,24001,León,987875797,,,,2026-01-27T19:12:45.761599
24,León,NACIONAL FUNDASPE,https://fundosbuscador.mjusticia.gob.es/fundosbuscador/DetalleFundacion.action?idFundacion=16272&index=1&lang=es_ES,=16272,2026-01-27T18:51:11.046925,G24299422,287SND,,15/07/1994,07/04/1995,"C/Ramiro Valbuena, 13",León,24001,León,,987224242,fundaspe@telefonica.net,http://www.fundacion-fundaspe.com,2026-01-27T19:12:48.293969
24,León,CLINICA SAN FRANCISCO DE LEON,https://fundosbuscador.mjusticia.gob.es/fundosbuscador/DetalleFundacion.action?idFundacion=16273&index=1&lang=es_ES,=16273,2026-01-27T18:51:11.062087,G24369795,288SND,,20/05/1997,20/05/1998,"C/ Marqueses de San Isidro, 11",León,24004,León,987251012,987251200,fuensantablanco@clinicasanfrancisco.es,http://www.clinicasanfrancisco.es,2026-01-27T19:12:50.081631
24,León,JUANSOÑADOR,https://fundosbuscador.mjusticia.gob.es/fundosbuscador/DetalleFundacion.action?idFundacion=16274&index=1&lang=es_ES,=16274,2026-01-27T18:51:11.082620,G24452435,289SND,,06/06/2002,19/09/2002,"Avda. Antibióticos, 126",León,24009,León,987203712,987259254,fundacionjuans@fundacionjuans.org,http://www.fundacionjuans.org,2026-01-27T19:12:52.467161
24,León,SANTA FAMILIA DE NAZARET,https://fundosbuscador.mjusticia.gob.es/fundosbuscador/DetalleFundacion.action?idFundacion=16275&index=1&lang=es_ES,=16275,2026-01-27T18:51:11.097439,G24464588,290SND,,24/11/2002,12/03/2003,"Avda. Padre Isla, 8 - 2º A -",León,24002,León,,,,,2026-01-27T19:12:54.333079
24,León,FAMILIAS MONOPARENTALES ISADORA DUNCAN,https://fundosbuscador.mjusticia.gob.es/fundosbuscador/DetalleFundacion.action?idFundacion=16276&index=1&lang=es_ES,=16276,2026-01-27T18:51:11.111271,G24496416,291SND,,06/03/2004,17/10/2006,"Avda. Reino de León, 12 portal E-1 - 1º",León,24006,León,987261449,987261448,info@isadoraduncan.es,http://www.isadoraduncan.es,2026-01-27T19:12:55.996367
24,León,DRASANVI,https://fundosbuscador.mjusticia.gob.es/fundosbuscador/DetalleFundacion.action?idFundacion=16278&index=1&lang=es_ES,=16278,2026-01-27T18:51:11.127177,G24672016,293SND,,10/11/2014,14/04/2015,"C/ La Rúa, 17",León,24003,León,,,elena@robherasesores.com,,2026-01-27T19:12:57.595234
24,León,EPIC,https://fundosbuscador.mjusticia.gob.es/fundosbuscador/DetalleFundacion.action?idFundacion=17609&index=1&lang=es_ES,=17609,2026-01-27T18:51:11.140143,G19612019,1941JUS,,11/04/2016,02/10/2017,"Paseo Condesa de Sagasta nº 10, 1º c",León,24001,León,,,,,2026-01-27T19:12:59.644956
24,León,CELLOLEÓN,https://fundosbuscador.mjusticia.gob.es/fundosbuscador/DetalleFundacion.action?idFundacion=17831&index=1&lang=es_ES,=17831,2026-01-27T18:51:11.160562,G24705279,2041JUS,,06/06/2017,17/05/2018,"C/ Martin Sarmiento, nº 19",León,24004,León,987218729,,copymeasesores@gmail.com,,2026-01-27T19:13:01.242695
24,León,EMPLEO VERDE,https://fundosbuscador.mjusticia.gob.es/fundosbuscador/DetalleFundacion.action?idFundacion=18514&index=1&lang=es_ES,=18514,2026-01-27T18:51:11.170784,G06871214,2537JUS,,16/04/2021,08/04/2022,Plaza de El Souto nº 51,Fabero,24420,León,,,,,2026-01-27T19:13:03.428968
24,León,BIBLIOTECA ENRIQUE GIL,https://fundosbuscador.mjusticia.gob.es/fundosbuscador/DetalleFundacion.action?idFundacion=18576&index=1&lang=es_ES,=18576,2026-01-27T18:51:11.191896,G16824419,2606JUS,,01/10/2021,31/08/2022,"Calle del Agua (Casa Gil), número 15",Villafranca del Bierzo,24500,León,,,mail@valentincarrera.es,,2026-01-27T19:13:07.855270
24,León,ESTUDIOS E INVESTIGACION ASPASIA PARA LA FORMACION Y EL EMPLEO,https://fundosbuscador.mjusticia.gob.es/fundosbuscador/DetalleFundacion.action?idFundacion=18644&index=1&lang=es_ES,=18644,2026-01-27T18:51:11.206981,G16915894,2816JUS,,20/01/2022,29/12/2023,"Avenida la Térmica, número 2",La Robla,24640,León,629161903,,,,2026-01-27T19:13:09.678840
25,Lleida,PARA LA INNOVACIÓN Y DESARROLLO EN LA EDUCACIÓN Y EN LA EMPRENDEDURÍA F.GINE,https://fundosbuscador.mjusticia.gob.es/fundosbuscador/DetalleFundacion.action?idFundacion=5576&index=1&lang=es_ES,=5576,2026-01-27T18:51:14.640834,G25720012,1327EDU,,10/12/2010,24/01/2011,"Plaça Sant Llorenç, número 5-6",Lleida,25002,Lleida,663709609,,,,2026-01-27T19:13:11.587160
25,Lleida,LABORAL TAURUS,https://fundosbuscador.mjusticia.gob.es/fundosbuscador/DetalleFundacion.action?idFundacion=15908&index=1&lang=es_ES,=15908,2026-01-27T18:51:14.664363,,8EMP,,15/07/1976,06/05/1977,"C/ José Escalier, s/n Oliana Lérida 25790",Oliana,25490,Lleida,,,,,2026-01-27T19:13:13.383851
25,Lleida,AGRICULTORES SOLIDARIOS,https://fundosbuscador.mjusticia.gob.es/fundosbuscador/DetalleFundacion.action?idFundacion=16064&index=1&lang=es_ES,=16064,2026-01-27T18:51:14.686859,G62551254,79SND,,26/07/2001,30/10/2001,"Av. Tortosa, 2, Edificio Merco-Lleida",Lleida,25005,Lleida,932680900,932684893,pagesossolidaris@pagesossolidaris.org,http://www.pagesossolidaris.org,2026-01-27T19:13:15.733596
25,Lleida,NIEMANN PICK DE ESPAÑA,https://fundosbuscador.mjusticia.gob.es/fundosbuscador/DetalleFundacion.action?idFundacion=16279&index=1&lang=es_ES,=16279,2026-01-27T18:51:14.705147,G25476821,294SND,,30/03/2001,15/10/2001,"c/ Cronista Muntaner, 27. 1º - 1ª",Lleida,25001,Lleida,902122001,973206117,julia.gonzalez@fnp.es,http://www.fnp.es,2026-01-27T19:13:17.722626
25,Lleida,AGAPE,https://fundosbuscador.mjusticia.gob.es/fundosbuscador/DetalleFundacion.action?idFundacion=16280&index=1&lang=es_ES,=16280,2026-01-27T18:51:14.720965,G25554478,295SND,,22/06/2004,28/10/2004,"Avda. del Santuario, 28",Sant Ramón,25215,Lleida,,913096667,,,2026-01-27T19:13:19.782472
25,Lleida,LA BRUIXA D'OR,https://fundosbuscador.mjusticia.gob.es/fundosbuscador/DetalleFundacion.action?idFundacion=16281&index=1&lang=es_ES,=16281,2026-01-27T18:51:14.736904,G25605171,296SND,,06/03/2006,11/09/2006,"Avda. de la Generalitat, 11 - Bajos",Sort,25560,Lleida,973280198,,,,2026-01-27T19:13:21.414317
25,Lleida,RENAL JAUME ARNO,https://fundosbuscador.mjusticia.gob.es/fundosbuscador/DetalleFundacion.action?idFundacion=16282&index=1&lang=es_ES,=16282,2026-01-27T18:51:14.752709,G25662941,297SND,,12/03/2008,27/10/2008,"c/ Enric Granados, 3 - 1º",Lleida,25006,Lleida,,,,,2026-01-27T19:13:23.529994
25,Lleida,CEICA (CENTRO DE ESTUDIO DE INVESTIGACIÓN CONTRA EL CÁNCER),https://fundosbuscador.mjusticia.gob.es/fundosbuscador/DetalleFundacion.action?idFundacion=17971&index=1&lang=es_ES,=17971,2026-01-27T18:51:14.767286,G25835802,2096JUS,,01/03/2018,04/09/2018,"Plaza de España nº 2 ,escalera izquierda, piso 9 puerta 2",Lleida,25002,Lleida,651524195,,orlandojohana2010@hotmail.com,,2026-01-27T19:13:25.300017
25,Lleida,TRENCA,https://fundosbuscador.mjusticia.gob.es/fundosbuscador/DetalleFundacion.action?idFundacion=18007&index=1&lang=es_ES,=18007,2026-01-27T18:51:14.781390,G25838020,2180JUS,,25/04/2018,04/04/2019,C/ La Palma nº 6-10,Lleida,25002,Lleida,629710382,,,,2026-01-27T19:13:27.071480
25,Lleida,LLEIDA ESPORTIU,https://fundosbuscador.mjusticia.gob.es/fundosbuscador/DetalleFundacion.action?idFundacion=18043&index=1&lang=es_ES,=18043,2026-01-27T18:51:14.790525,G25839812,2261JUS,,07/06/2018,25/11/2019,C/ Doctor Fleming s/n,LÉRIDA,25006,Lleida,973727797,,,,2026-01-27T19:13:28.714874
26,"Rioja, La",PRIVADA MIGUEL DE MONTAIGNE,https://fundosbuscador.mjusticia.gob.es/fundosbuscador/DetalleFundacion.action?idFundacion=2166&index=1&lang=es_ES,=2166,2026-01-27T18:51:18.259366,G26245258,305EDU,,05/07/1996,22/10/1996,"C/. Capitán Gaona, 2",Logroño,26001,La Rioja,941236573,941236573,,,2026-01-27T19:13:30.389304
26,"Rioja, La",LOGROÑÉS,https://fundosbuscador.mjusticia.gob.es/fundosbuscador/DetalleFundacion.action?idFundacion=3454&index=1&lang=es_ES,=3454,2026-01-27T18:51:18.281276,G26278515,447EDU,,07/12/1998,01/06/1999,"C/. Miguel Villanueva, 5 - 4º - 3ª",Logroño,26001,La Rioja,941270688,941255940,fundacionlogrones@fundacionlogrones.com,,2026-01-27T19:13:32.274534
26,"Rioja, La",RIBEREBRO,https://fundosbuscador.mjusticia.gob.es/fundosbuscador/DetalleFundacion.action?idFundacion=4857&index=1&lang=es_ES,=4857,2026-01-27T18:51:18.296626,G26392761,854EDU,,18/10/2005,18/11/2005,"C/ Gallo, s/n",Autol,26560,La Rioja,941254400,941254566,,,2026-01-27T19:13:33.825700
26,"Rioja, La",GRUPO GSI,https://fundosbuscador.mjusticia.gob.es/fundosbuscador/DetalleFundacion.action?idFundacion=4959&index=1&lang=es_ES,=4959,2026-01-27T18:51:18.313941,G26405498,943EDU,,01/06/2006,08/01/2007,"C/ General Vara de Rey, 9-4ª H",Logroño,26002,La Rioja,944278054,941289633,central@grupogsi.com,http://www.grupogsi.com,2026-01-27T19:13:35.403477
26,"Rioja, La",SERGIO JUÁN JORDÁN PARA LA INVESTIGACIÓN Y EL ESTUDIO DE LAS HERIDAS CRÓNICAS,https://fundosbuscador.mjusticia.gob.es/fundosbuscador/DetalleFundacion.action?idFundacion=5183&index=1&lang=es_ES,=5183,2026-01-27T18:51:18.322604,G26433342,1042EDU,,15/11/2007,08/04/2008,"Avenida de Navarra, nº 2",Logroño,26001,La Rioja,941239240,,informacion@fundacionsergiojuan.org,http://fundacionsergiojuan.org/,2026-01-27T19:13:37.146827
26,"Rioja, La",LUIS CACHO,https://fundosbuscador.mjusticia.gob.es/fundosbuscador/DetalleFundacion.action?idFundacion=5306&index=1&lang=es_ES,=5306,2026-01-27T18:51:18.345851,G26451997,1102EDU,,18/12/2008,23/01/2009,"C/ Piqueras, 31",Logroño,26006,La Rioja,941207267,,,,2026-01-27T19:13:38.801497
26,"Rioja, La",DEL OJA,https://fundosbuscador.mjusticia.gob.es/fundosbuscador/DetalleFundacion.action?idFundacion=10017&index=1&lang=es_ES,=10017,2026-01-27T18:51:18.370545,G26066985,127CUL,,28/12/1987,20/06/1988,"C/. José Antonio, 39",Casalarreina,26230,La Rioja,916503734,,,,2026-01-27T19:13:40.534593
26,"Rioja, La",VIVANCO DE LA CULTURA DEL VINO,https://fundosbuscador.mjusticia.gob.es/fundosbuscador/DetalleFundacion.action?idFundacion=14214&index=1&lang=es_ES,=14214,2026-01-27T18:51:18.377385,G26315861,456CUL,,29/03/2001,04/07/2001,Carretera de Briones a San Vicente,Briones,26330,La Rioja,941322305,941322316,fundacion@dinastiavivanco.es,http://www.dinastiavivanco.com,2026-01-27T19:13:42.158364
26,"Rioja, La",VISIÓN MUNDI,https://fundosbuscador.mjusticia.gob.es/fundosbuscador/DetalleFundacion.action?idFundacion=14560&index=1&lang=es_ES,=14560,2026-01-27T18:51:18.398147,G83803080,593CUL,,30/10/2003,03/05/2004,"C/. Calvo Sotelo, 14 - Principal Izquierda",Logroño,26003,La Rioja,,,,,2026-01-27T19:13:44.326627
26,"Rioja, La",GARCÍA FAJER. EL ESPAÑOLETO,https://fundosbuscador.mjusticia.gob.es/fundosbuscador/DetalleFundacion.action?idFundacion=14817&index=1&lang=es_ES,=14817,2026-01-27T18:51:18.408497,G26383018,671CUL,,21/03/2005,05/09/2005,"C/. San Andrés, 37",Calahorra,26500,La Rioja,647644346,,,,2026-01-27T19:13:45.996031
26,"Rioja, La",PROMETE,https://fundosbuscador.mjusticia.gob.es/fundosbuscador/DetalleFundacion.action?idFundacion=14846&index=1&lang=es_ES,=14846,2026-01-27T18:51:18.429922,G26349258,689CUL,,02/04/2003,09/01/2006,"C/ Diego de Velázquez, 16-18 6ºB",Logroño,26007,La Rioja,941258730,,,,2026-01-27T19:13:47.803653
26,"Rioja, La",CULTURA Y COMUNICACIÓN,https://fundosbuscador.mjusticia.gob.es/fundosbuscador/DetalleFundacion.action?idFundacion=15394&index=1&lang=es_ES,=15394,2026-01-27T18:51:18.446528,G26395780,921CUL,,27/12/2005,12/05/2010,"C/. Fausto Elhuyar, 7 - Bajo",Logroño,26005,La Rioja,,,,,2026-01-27T19:13:49.324646
26,"Rioja, La",MARQUÉS DE MURRIETA,https://fundosbuscador.mjusticia.gob.es/fundosbuscador/DetalleFundacion.action?idFundacion=15798&index=1&lang=es_ES,=15798,2026-01-27T18:51:18.461590,G36153823,1714CUL,,06/04/1988,02/02/2015,"Castillo de Ygay - Carretera de Zaragoza, Km.5",Logroño,26006,La Rioja,639124479,,c.cebrian@marquesdemurrieta.com,http://www.marquesdemurrieta.com,2026-01-27T19:13:50.910981
26,"Rioja, La",NUEVA EUROPA,https://fundosbuscador.mjusticia.gob.es/fundosbuscador/DetalleFundacion.action?idFundacion=16283&index=1&lang=es_ES,=16283,2026-01-27T18:51:18.471611,G26234195,298SND,,10/01/1996,26/06/1996,"C/Miguel Villanueva, 6 - 2°Izda. Oficina 5",Fuenmayor,26360,La Rioja,941249954,,,,2026-01-27T19:13:52.759539
26,"Rioja, La",GOOD PEOPLE FUND (LA BUENA GENTE),https://fundosbuscador.mjusticia.gob.es/fundosbuscador/DetalleFundacion.action?idFundacion=16284&index=1&lang=es_ES,=16284,2026-01-27T18:51:18.491220,G26303222,299SND,,01/06/2000,21/07/2000,"Plaza de la Florida, 9",Casalarreina,26230,La Rioja,,,fundacion@goodpeople.com,,2026-01-27T19:13:54.516100
26,"Rioja, La",PIONEROS,https://fundosbuscador.mjusticia.gob.es/fundosbuscador/DetalleFundacion.action?idFundacion=16285&index=1&lang=es_ES,=16285,2026-01-27T18:51:18.509281,G26341529,300SND,,29/11/2002,10/03/2003,"C/ Portales, 27-planta 5 puerta b",Logroño,26001,La Rioja,676004575,941261940,gerencia@fundacionpioneros.org,http://www.fundacionpioneros.org,2026-01-27T19:13:56.797299
26,"Rioja, La",VALLE DEL EBRO,https://fundosbuscador.mjusticia.gob.es/fundosbuscador/DetalleFundacion.action?idFundacion=16286&index=1&lang=es_ES,=16286,2026-01-27T18:51:18.522740,G26346189,301SND,,14/02/2003,19/03/2004,"Ayuntamiento de Calahorra, Glorieta de Quintiliano, s/n",Calahorra,26400,La Rioja,,,,,2026-01-27T19:13:59.471138
26,"Rioja, La",POR LA EXCELENCIA DE LAS ENTIDADES DE ECONOMIA SOCIAL,https://fundosbuscador.mjusticia.gob.es/fundosbuscador/DetalleFundacion.action?idFundacion=16287&index=1&lang=es_ES,=16287,2026-01-27T18:51:18.543666,G26401877,302SND,,05/04/2006,11/09/2006,"C/ Parque San Miguel, 6 - bajo",Logroño,26006,La Rioja,,,,,2026-01-27T19:14:01.167232
26,"Rioja, La",PROFISEGUR,https://fundosbuscador.mjusticia.gob.es/fundosbuscador/DetalleFundacion.action?idFundacion=16288&index=1&lang=es_ES,=16288,2026-01-27T18:51:18.559428,G26412122,303SND,,13/11/2006,12/09/2007,"c/ Padre Marín, 4 - bajo",Logroño,26004,La Rioja,,,,,2026-01-27T19:14:02.935798
26,"Rioja, La",OSGA RE-INTEGRA,https://fundosbuscador.mjusticia.gob.es/fundosbuscador/DetalleFundacion.action?idFundacion=16290&index=1&lang=es_ES,=16290,2026-01-27T18:51:18.576272,G26460550,305SND,,24/07/2009,17/12/2009,"c/ Portalada, 50 - Nave G8",Logroño,26006,La Rioja,,,,,2026-01-27T19:14:07.020887
26,"Rioja, La",DE ASISTENCIA AL ENTERRAMIENTO MUSULMAN,https://fundosbuscador.mjusticia.gob.es/fundosbuscador/DetalleFundacion.action?idFundacion=16291&index=1&lang=es_ES,=16291,2026-01-27T18:51:18.588023,G26483180,306SND,,02/04/2012,08/06/2012,"C/ Esteban Manuel Villegas, 16",Logroño,26004,La Rioja,,,,,2026-01-27T19:14:08.756188
26,"Rioja, La",MAAT PARA EL DESARROLLO DE LOS PUEBLOS MARGINADOS,https://fundosbuscador.mjusticia.gob.es/fundosbuscador/DetalleFundacion.action?idFundacion=16292&index=1&lang=es_ES,=16292,2026-01-27T18:51:18.607823,G26386995,307SND,,26/05/2005,26/07/2005,"Carretera Nacional 232, s/n",Briones,26330,La Rioja,,,,,2026-01-27T19:14:10.596002
26,"Rioja, La",Espacios XXI,https://fundosbuscador.mjusticia.gob.es/fundosbuscador/DetalleFundacion.action?idFundacion=17399&index=1&lang=es_ES,=17399,2026-01-27T18:51:18.622636,G84295351,43AGR,,05/08/2005,14/12/2005,"c/ Huesca nº 16-bis, 6º-B",Logroño,26002,La Rioja,,,,,2026-01-27T19:14:12.171365
26,"Rioja, La",BUHO BLANCO,https://fundosbuscador.mjusticia.gob.es/fundosbuscador/DetalleFundacion.action?idFundacion=18060&index=1&lang=es_ES,=18060,2026-01-27T18:51:18.639225,G26556514,2129JUS,,18/06/2018,05/11/2018,"C/ Los Sequeros, nº 4 del Polígono La Variante",Lardero,26140,La Rioja,659403129,,,,2026-01-27T19:14:13.668110
26,"Rioja, La",AMBITO ARTE,https://fundosbuscador.mjusticia.gob.es/fundosbuscador/DetalleFundacion.action?idFundacion=17978&index=1&lang=es_ES,=17978,2026-01-27T18:51:18.655764,G26554139,2187JUS,,23/01/2018,09/04/2019,"C/ Vélez de Guevara 36 bajo, entrada por la calle Huesca 74-76",Logroño,26005,La Rioja,650453445,,gonzalez_zorzano@hotmail.com,,2026-01-27T19:14:15.438317
26,"Rioja, La",ETTY HILLESUM ESPAÑA DELEGACIÓN DE LA FUNDACIÓN ETTY HILLESUM,https://fundosbuscador.mjusticia.gob.es/fundosbuscador/DetalleFundacion.action?idFundacion=18121&index=1&lang=es_ES,=18121,2026-01-27T18:51:18.671282,G26560599,2189JUS,,26/04/2018,23/04/2019,"C/ Baltasar Gracián, nº 8, 3º Pta C",Logroño,26006,La Rioja,616171645,,,,2026-01-27T19:14:16.925747
26,"Rioja, La",PLANWAY,https://fundosbuscador.mjusticia.gob.es/fundosbuscador/DetalleFundacion.action?idFundacion=18833&index=1&lang=es_ES,=18833,2026-01-27T18:51:18.685601,G72967797,2714JUS,,12/01/2023,27/04/2023,Calle Las Cañas 81,Logroño,26009,La Rioja,,,,,2026-01-27T19:14:18.595499
26,"Rioja, La",LA HISPANO ARNEDANA,https://fundosbuscador.mjusticia.gob.es/fundosbuscador/DetalleFundacion.action?idFundacion=19237&index=1&lang=es_ES,=19237,2026-01-27T18:51:18.698848,G75792044,3057JUS,,28/02/2025,06/11/2025,"C/ Santa María 8, Polígono Industrial La Portalada II",Logroño,26006,La Rioja,,,,,2026-01-27T19:14:20.795634
27,Lugo,PARA EL DESARROLLO SOCIAL POLIVALENTE,https://fundosbuscador.mjusticia.gob.es/fundosbuscador/DetalleFundacion.action?idFundacion=2172&index=1&lang=es_ES,=2172,2026-01-27T18:51:22.112990,G81488942,308EDU,,18/06/1996,31/10/1996,"Avenida de Madrid, 38 entreplanta D-E",Lugo,27002,Lugo,918042872,,ca-fundespol@mixmail.com,,2026-01-27T19:14:22.405312
27,Lugo,JOSÉ LODEIRO PIÑEIROA,https://fundosbuscador.mjusticia.gob.es/fundosbuscador/DetalleFundacion.action?idFundacion=10155&index=1&lang=es_ES,=10155,2026-01-27T18:51:22.136141,,6CUL,,18/01/1935,07/12/1935,Ayuntamiento,Mondoñedo,27740,Lugo,,,,,2026-01-27T19:14:23.828229
27,Lugo,PATRONATO PASCUAL VEIGA,https://fundosbuscador.mjusticia.gob.es/fundosbuscador/DetalleFundacion.action?idFundacion=10156&index=1&lang=es_ES,=10156,2026-01-27T18:51:22.154609,,8CUL,,23/10/1931,10/10/1941,Alcaldía,Mondoñedo,27740,Lugo,,,,,2026-01-27T19:14:25.837367
27,Lugo,XOSE SOTO DE FION,https://fundosbuscador.mjusticia.gob.es/fundosbuscador/DetalleFundacion.action?idFundacion=10346&index=1&lang=es_ES,=10346,2026-01-27T18:51:22.170356,G27224245,311CUL,,02/10/1996,07/02/1997,Arxeriz,O Saviñao,27540,Lugo,600433121,,jaledomendez@gmail.com,,2026-01-27T19:14:27.532904
27,Lugo,UXÍO NOVONEYRA,https://fundosbuscador.mjusticia.gob.es/fundosbuscador/DetalleFundacion.action?idFundacion=15484&index=1&lang=es_ES,=15484,2026-01-27T18:51:22.187211,G27407238,1037CUL,,01/04/2011,05/03/2012,"C/. Parada do Courel, 1",Folgoso do Courel,27325,Lugo,671445247,981557242,,,2026-01-27T19:14:30.375553
27,Lugo,VIGUELUT,https://fundosbuscador.mjusticia.gob.es/fundosbuscador/DetalleFundacion.action?idFundacion=18245&index=1&lang=es_ES,=18245,2026-01-27T18:51:22.196330,G27510395,2264JUS,,30/05/2019,03/12/2019,Carretera Fonsagrada 73,Lugo,27190,Lugo,630676561,,,,2026-01-27T19:14:32.074721
27,Lugo,ETICAS DATA SOCIETY,https://fundosbuscador.mjusticia.gob.es/fundosbuscador/DetalleFundacion.action?idFundacion=18062&index=1&lang=es_ES,=18062,2026-01-27T18:51:22.222452,G67267120,2524JUS,,16/04/2021,07/03/2022,"Calle Vigo de Sarria, 46",Sarriá,27600,Lugo,936005400,,adm@eticasconsulting.com,,2026-01-27T19:14:33.627552
28,Madrid,YEHUDI MENUHIN ESPAÑA,https://fundosbuscador.mjusticia.gob.es/fundosbuscador/DetalleFundacion.action?idFundacion=1536&index=1&lang=es_ES,=1536,2026-01-27T18:51:25.787136,G82260282,436EDU,,19/02/1999,11/03/1999,"Avda. Ciudad de Barcelona, 208 - 1º A",Madrid,28007,Madrid,915340143,914560694,fyme@fundacionyehudimenuhin.org,http://www.fundacionyehudimennuhin.org,2026-01-27T19:14:36.323172
28,Madrid,ESCUELA DE GOBIERNO,https://fundosbuscador.mjusticia.gob.es/fundosbuscador/DetalleFundacion.action?idFundacion=2076&index=1&lang=es_ES,=2076,2026-01-27T18:51:25.804452,G81424723,297EDU,,28/03/1996,14/06/1996,"C/. Martín Pescador, 8",Pozuelo de Alarcón,28224,Madrid,915185871,915185896,elena.alcantara@upm.es,,2026-01-27T19:14:38.127771
28,Madrid,NACIONAL PARA EL DESARROLLO DE LA EDUCACIÓN INFANTIL (FUNDEI),https://fundosbuscador.mjusticia.gob.es/fundosbuscador/DetalleFundacion.action?idFundacion=2077&index=1&lang=es_ES,=2077,2026-01-27T18:51:25.819254,F81391765,298EDU,,20/02/1996,14/06/1996,"C/. Collado de Marichiva, 2 - 2º F",Madrid,28035,Madrid,915213581,913160629,fundacion@fundei.e.telefonica.net,http://www.fundei-edu.org,2026-01-27T19:14:39.744530
28,Madrid,AMIGOS DE LA UNIVERSIDAD DE NAVARRA,https://fundosbuscador.mjusticia.gob.es/fundosbuscador/DetalleFundacion.action?idFundacion=2078&index=1&lang=es_ES,=2078,2026-01-27T18:51:25.834861,G81415085,299EDU,,07/03/1996,14/06/1996,"C/. Núñez de Balboa, 56 1º G",Madrid,28001,Madrid,914318035,,rbandres@unav.es,http://www.unav.es/amigos,2026-01-27T19:14:42.019007
28,Madrid,RAMÓN ARECES,https://fundosbuscador.mjusticia.gob.es/fundosbuscador/DetalleFundacion.action?idFundacion=2080&index=1&lang=es_ES,=2080,2026-01-27T18:51:25.852699,G28459311,69EDU,,16/03/1976,28/09/1976,"C/. Vitruvio, 5",Madrid,28006,Madrid,915158980,915645243,secretaria@fundacionareces.es,http://www.fundacionareces.es,2026-01-27T19:14:44.055968
28,Madrid,"FAMILIA, SOCIEDAD Y EDUCACIÓN",https://fundosbuscador.mjusticia.gob.es/fundosbuscador/DetalleFundacion.action?idFundacion=2081&index=1&lang=es_ES,=2081,2026-01-27T18:51:25.866829,G28466423,70EDU,,09/07/1976,16/10/1976,"Calle Ríos Rosas 44-A, 1º",Madrid,28003,Madrid,915543886,915544124,fase@fasefundacion.org,http://www.fasefundacion.org,2026-01-27T19:14:46.174188
28,Madrid,INSTITUCIONAL ESPAÑOLA,https://fundosbuscador.mjusticia.gob.es/fundosbuscador/DetalleFundacion.action?idFundacion=2082&index=1&lang=es_ES,=2082,2026-01-27T18:51:25.881555,G28436525,71EDU,,09/06/1976,20/06/1977,"C/. Gran Vía, 16.",Madrid,28013,Madrid,917014709,917014701,fundacion@fies.es,http://www.fies.es,2026-01-27T19:14:48.929296
28,Madrid,FRANCISCO GINER DE LOS RÍOS,https://fundosbuscador.mjusticia.gob.es/fundosbuscador/DetalleFundacion.action?idFundacion=2083&index=1&lang=es_ES,=2083,2026-01-27T18:51:25.897580,G78054103,72EDU,,14/06/1916,20/06/1977,"Paseo General Martínez Campos,14",Madrid,28010,Madrid,914460197,914468068,ile@fundacionginer.org,http://www.margen.com/ile,2026-01-27T19:14:51.651450
28,Madrid,CULTURA EMPRESA,https://fundosbuscador.mjusticia.gob.es/fundosbuscador/DetalleFundacion.action?idFundacion=2085&index=1&lang=es_ES,=2085,2026-01-27T18:51:25.912435,G78562584,183EDU,,28/07/1987,14/05/1991,"C/ Costa Brava, nº 6",Madrid,28034,Madrid,915763304,,,,2026-01-27T19:14:53.573525
28,Madrid,CASTROVERDE,https://fundosbuscador.mjusticia.gob.es/fundosbuscador/DetalleFundacion.action?idFundacion=2086&index=1&lang=es_ES,=2086,2026-01-27T18:51:25.927064,G28572204,73EDU,,02/02/1977,16/07/1977,"Calle General Oraá, nº 62, 1º",Madrid,28006,Madrid,913564404,917267905,fundacioncastroverde@fund-castroverde.es,http://www.fund-castroverde.es,2026-01-27T19:14:55.357383
28,Madrid,ESPAÑOLA DE RADIOLOGÍA,https://fundosbuscador.mjusticia.gob.es/fundosbuscador/DetalleFundacion.action?idFundacion=2088&index=1&lang=es_ES,=2088,2026-01-27T18:51:25.947363,G28557049,74CIN,,25/05/1977,30/09/1977,"C/ Alcalá nº 135, 1º",Madrid,28009,Madrid,915752613,,fundacion@seram.es,,2026-01-27T19:14:57.827331
28,Madrid,GARCÍA CABRERIZO,https://fundosbuscador.mjusticia.gob.es/fundosbuscador/DetalleFundacion.action?idFundacion=2089&index=1&lang=es_ES,=2089,2026-01-27T18:51:25.963220,G79771424,76CIN,,24/05/1977,05/12/1977,"C/. Vitruvio, 23",Madrid,28006,Madrid,915634053,914115588,mail@oficinagarciacabrerizo.es,,2026-01-27T19:14:59.361434
28,Madrid,PROYECTO REFORMISMO 21,https://fundosbuscador.mjusticia.gob.es/fundosbuscador/DetalleFundacion.action?idFundacion=2090&index=1&lang=es_ES,=2090,2026-01-27T18:51:25.979687,G28518546,77EDU,,13/10/1977,30/01/1978,"C/ Génova, 13",Madrid,28004,Madrid,914350629,914351057,fhd@humanismoydemocracia.org,http://www.humanismoydemocracia.org,2026-01-27T19:15:01.970972
28,Madrid,CENTRO DE ESTUDIOS MONETARIOS Y FINANCIEROS,https://fundosbuscador.mjusticia.gob.es/fundosbuscador/DetalleFundacion.action?idFundacion=2091&index=1&lang=es_ES,=2091,2026-01-27T18:51:25.994917,G79812806,182EDU,,09/01/1991,12/04/1991,"C/. Casado del Alisal, 5",Madrid,28014,Madrid,914290551,914291056,cemfi@cemfi.es,http://www.cemfi.es,2026-01-27T19:15:06.697376
28,Madrid,SANTA MARÍA,https://fundosbuscador.mjusticia.gob.es/fundosbuscador/DetalleFundacion.action?idFundacion=2093&index=1&lang=es_ES,=2093,2026-01-27T18:51:26.008791,G28534204,78EDU,,14/11/1977,05/05/1978,"C/. Impresores, 2 - Urbanización Prado del Espino",Boadilla del Monte,28660,Madrid,915730299,915040135,fsm.@fundacion-sm.com,http://www.grupo-sm.com,2026-01-27T19:15:09.802463
28,Madrid,NAO SANTA MARÍA,https://fundosbuscador.mjusticia.gob.es/fundosbuscador/DetalleFundacion.action?idFundacion=2094&index=1&lang=es_ES,=2094,2026-01-27T18:51:26.027755,G79838389,180EDU,,26/11/1990,08/04/1991,"C/. Antonio Maura, 16",Madrid,28014,Madrid,,,,,2026-01-27T19:15:11.368488
28,Madrid,PARA EL DESARROLLO DE LA ENFERMERÍA FUDEN,https://fundosbuscador.mjusticia.gob.es/fundosbuscador/DetalleFundacion.action?idFundacion=2095&index=1&lang=es_ES,=2095,2026-01-27T18:51:26.045302,G79069746,181EDU,,28/06/1989,08/04/1991,"Calle Veneras 9 , 5ª Planta",Madrid,28013,Madrid,915474881,915422068,fuden@fuden.es,http://www.fuden.es,2026-01-27T19:15:13.721513
28,Madrid,PABLO IGLESIAS,https://fundosbuscador.mjusticia.gob.es/fundosbuscador/DetalleFundacion.action?idFundacion=2096&index=1&lang=es_ES,=2096,2026-01-27T18:51:26.061179,G28667061,79EDU,,12/09/1977,19/06/1978,"Calle Quintana 1, 2º A",Madrid,28008,Madrid,913104313,,fpi@fpabloiglesias.es,http://www.fundacionpabloiglesias.es,2026-01-27T19:15:16.538834
28,Madrid,CARMEN PARDO VALCARCE,https://fundosbuscador.mjusticia.gob.es/fundosbuscador/DetalleFundacion.action?idFundacion=2098&index=1&lang=es_ES,=2098,2026-01-27T18:51:26.077730,G79571014,179EDU,,24/10/1990,04/03/1991,"C/ Monasterio de las Huelgas, 15",Madrid,28049,Madrid,917355790,917355799,harold@fcpv.es,http://www.pardo-valcarce.com,2026-01-27T19:15:18.697431
28,Madrid,JOSEPH VON GOERRES,https://fundosbuscador.mjusticia.gob.es/fundosbuscador/DetalleFundacion.action?idFundacion=2099&index=1&lang=es_ES,=2099,2026-01-27T18:51:26.098137,G28748523,80EDU,,01/12/1977,26/06/1978,"C/. Serrano, 123",Madrid,28006,Madrid,913668508,913668508,bibliotecagoerres@sandamaso.es,,2026-01-27T19:15:20.240982
28,Madrid,DOCTOR JUAN SANZ RAMOS,https://fundosbuscador.mjusticia.gob.es/fundosbuscador/DetalleFundacion.action?idFundacion=2101&index=1&lang=es_ES,=2101,2026-01-27T18:51:26.110043,G28546968,83EDU,,22/05/1978,19/09/1978,"C/. Covarrubias, 4",Madrid,28010,Madrid,915419630,,,,2026-01-27T19:15:21.835444
28,Madrid,INSTITUTO SINDICAL DE COOPERACIÓN AL DESARROLLO (ISCOD),https://fundosbuscador.mjusticia.gob.es/fundosbuscador/DetalleFundacion.action?idFundacion=2102&index=1&lang=es_ES,=2102,2026-01-27T18:51:26.132759,G79436481,178EDU,,01/02/1990,15/01/1991,"Avenida de América, 25",Madrid,28002,Madrid,913879284,915890937,iscod@iscod.org,http://www.iscod.org,2026-01-27T19:15:25.210339
28,Madrid,INVESTIGACIÓN DE ESTUDIOS SUPERIORES INTERNACIONALES,https://fundosbuscador.mjusticia.gob.es/fundosbuscador/DetalleFundacion.action?idFundacion=2103&index=1&lang=es_ES,=2103,2026-01-27T18:51:26.148560,G79416764,173EDU,,05/04/1990,22/10/1990,"C/. María de Molina, 40",Madrid,28006,Madrid,,,,,2026-01-27T19:15:26.803268
28,Madrid,PARA LA ECOLOGÍA Y LA PROTECCIÓN DEL MEDIO AMBIENTE (FEPMA),https://fundosbuscador.mjusticia.gob.es/fundosbuscador/DetalleFundacion.action?idFundacion=2105&index=1&lang=es_ES,=2105,2026-01-27T18:51:26.163718,G28752053,84EDU,,30/05/1978,10/11/1978,"Paseo de la Castellana, 8 - 5º Izquierda",Madrid,28046,Madrid,915754168,,fepmaupd@wanadoo.es,http://www.updfepma.org,2026-01-27T19:15:29.148058
28,Madrid,ALVARO ENTRECANALES,https://fundosbuscador.mjusticia.gob.es/fundosbuscador/DetalleFundacion.action?idFundacion=2106&index=1&lang=es_ES,=2106,2026-01-27T18:51:26.179219,G28554566,85EDU,,29/12/1977,04/12/1978,"C/ Velázquez, 140",Madrid,28006,Madrid,916632363,916632929,,,2026-01-27T19:15:31.419452
28,Madrid,PARA EL DESARROLLO DE LA INVESTIGACIÓN EN BIOLOGÍA ANIMAL,https://fundosbuscador.mjusticia.gob.es/fundosbuscador/DetalleFundacion.action?idFundacion=2107&index=1&lang=es_ES,=2107,2026-01-27T18:51:26.195700,,142CIN,,11/03/1986,04/04/1988,"C/. Tormenta, 4",Majadahonda,28220,Madrid,916360268,916375313,,,2026-01-27T19:15:33.043740
28,Madrid,ANTONIO DE NEBRIJA,https://fundosbuscador.mjusticia.gob.es/fundosbuscador/DetalleFundacion.action?idFundacion=2108&index=1&lang=es_ES,=2108,2026-01-27T18:51:26.211151,G78540549,146EDU,,25/06/1987,19/07/1988,"Calle Santa Cruz de Marcenado, 27",Madrid,28015,Madrid,914511150,915501409,fundacion.secretaria@nebrija.es,http://www.nebrija.es,2026-01-27T19:15:35.201325
28,Madrid,CIENCIAS Y LETRAS,https://fundosbuscador.mjusticia.gob.es/fundosbuscador/DetalleFundacion.action?idFundacion=2110&index=1&lang=es_ES,=2110,2026-01-27T18:51:26.226744,G28550192,86EDU,,12/12/1978,14/05/1979,"C/. Sebastián Elcano, 30",Madrid,28012,Madrid,914672500,,,,2026-01-27T19:15:36.875623
28,Madrid,PARA EL ESTUDIO DE LAS HEPATITIS VIRALES,https://fundosbuscador.mjusticia.gob.es/fundosbuscador/DetalleFundacion.action?idFundacion=2112&index=1&lang=es_ES,=2112,2026-01-27T18:51:26.232643,G79438834,172CIN,,16/05/1990,01/10/1990,"C/. Guzmán el Bueno, 72 - Semisótano",Madrid,28015,Madrid,915446013,915449228,fehvhpa@fehv.org,http://www.fehv.org,2026-01-27T19:15:38.552667
28,Madrid,PARA LA FORMACIÓN DE ALTOS PROFESIONALES,https://fundosbuscador.mjusticia.gob.es/fundosbuscador/DetalleFundacion.action?idFundacion=2113&index=1&lang=es_ES,=2113,2026-01-27T18:51:26.260116,G79074910,170EDU,,26/04/1990,24/09/1990,"C/. General Díaz Porlier, 41- P.B.",Madrid,28001,Madrid,913096100,913091731,fufap@fufap.es,http://www.fufap.es,2026-01-27T19:15:40.210586
29,Málaga,HANNS-SEIDEL-STIFTUNG,https://fundosbuscador.mjusticia.gob.es/fundosbuscador/DetalleFundacion.action?idFundacion=2203&index=1&lang=es_ES,=2203,2026-01-27T18:51:29.680306,N0041328F,107EDU,,27/01/1981,25/06/1982,Urbanización ELVIRA,Ojén,29610,Málaga,952831688,,,,2026-01-27T19:15:41.707982
29,Málaga,CASAS RIPOLL,https://fundosbuscador.mjusticia.gob.es/fundosbuscador/DetalleFundacion.action?idFundacion=2204&index=1&lang=es_ES,=2204,2026-01-27T18:51:29.696377,G29376449,177EDU,,08/03/1989,27/11/1990,"Camino Viejo de Vélez, 27",Málaga,29018,Málaga,952290020,,,,2026-01-27T19:15:43.770567
29,Málaga,PARA EL FOMENTO DE LA INVESTIGACIÓN CIENTÍFICA DE LA HISTORIA DE LOS PUEBLOS LETONES - PITERS PUDULS -,https://fundosbuscador.mjusticia.gob.es/fundosbuscador/DetalleFundacion.action?idFundacion=2205&index=1&lang=es_ES,=2205,2026-01-27T18:51:29.713033,,186EDU,,20/01/1989,25/06/1991,"C/. Santa Isabel, 6 - 3º B",Fuengirola,29640,Málaga,,,,,2026-01-27T19:15:45.243608
29,Málaga,CERRADO DE CALDERÓN,https://fundosbuscador.mjusticia.gob.es/fundosbuscador/DetalleFundacion.action?idFundacion=2280&index=1&lang=es_ES,=2280,2026-01-27T18:51:29.730694,G29834215,324EDU,,17/07/1996,12/02/1997,"Paseo Cerrado Calderón, 18",Málaga,29018,Málaga,952292800,952292488,fundacion@cerradodecalderon.com,,2026-01-27T19:15:47.032497
29,Málaga,DEPORTE Y MEDIO AMBIENTE,https://fundosbuscador.mjusticia.gob.es/fundosbuscador/DetalleFundacion.action?idFundacion=2460&index=1&lang=es_ES,=2460,2026-01-27T18:51:29.745786,G67037168,351EDU,,29/05/1997,30/09/1997,"C/. Peñón, 1",Istan,29611,Málaga,,914161858,,,2026-01-27T19:15:48.572605
29,Málaga,SALUS,https://fundosbuscador.mjusticia.gob.es/fundosbuscador/DetalleFundacion.action?idFundacion=2482&index=1&lang=es_ES,=2482,2026-01-27T18:51:29.760114,B83821488,370EDU,,21/05/1997,27/01/1998,"C/. Alameda de Colón, 30 - 5º B",Málaga,29001,Málaga,952213361,,,,2026-01-27T19:15:50.171184
29,Málaga,V.E.C.A. PARA EL AVANCE DE LA PSICOLOGÍA CLÍNICA CONDUCTUAL,https://fundosbuscador.mjusticia.gob.es/fundosbuscador/DetalleFundacion.action?idFundacion=2507&index=1&lang=es_ES,=2507,2026-01-27T18:51:29.775727,G29881232,393EDU,,09/01/1998,16/06/1998,"C/. Juan de Rihuerga, 20",Málaga,29010,Málaga,958125927,958125927,funveca@telefonica.net,http://www.apicsa.org,2026-01-27T19:15:51.762916
29,Málaga,VÉRTICE EMPRENDE,https://fundosbuscador.mjusticia.gob.es/fundosbuscador/DetalleFundacion.action?idFundacion=3479&index=1&lang=es_ES,=3479,2026-01-27T18:51:29.792225,G82411828,468EDU,,23/07/1999,01/10/1999,"C/. Hilera, 14",Málaga,29007,Málaga,952363490,951881163,fundacion@fundacionvertice.org,http://www.fundacionvertice.org,2026-01-27T19:15:53.606581
29,Málaga,JUAN CRUZADO-VÉRTICE SALUD,https://fundosbuscador.mjusticia.gob.es/fundosbuscador/DetalleFundacion.action?idFundacion=4103&index=1&lang=es_ES,=4103,2026-01-27T18:51:29.808406,G92158708,531EDU,,30/05/2000,05/12/2000,"C/ Paganini, nº 7",Málaga,29010,Málaga,952363490,,fundacion@objetivo1.org,http://www.objetivo1.org,2026-01-27T19:15:55.340124
29,Málaga,NEUMOCARDIO,https://fundosbuscador.mjusticia.gob.es/fundosbuscador/DetalleFundacion.action?idFundacion=4144&index=1&lang=es_ES,=4144,2026-01-27T18:51:29.822818,G92130426,547EDU,,27/01/2000,03/04/2001,"C/. San Lorenzo, 2 - 7º",Málaga,29001,Málaga,952226760,952226760,,,2026-01-27T19:15:56.985998
29,Málaga,ESCUELA DE HOSTELERÍA BENAHAVÍS SABOR A MÁLAGA,https://fundosbuscador.mjusticia.gob.es/fundosbuscador/DetalleFundacion.action?idFundacion=4171&index=1&lang=es_ES,=4171,2026-01-27T18:51:29.839332,G92212380,597EDU,,29/01/2001,11/01/2002,"Avenida de Andalucía, 31",Benahavis,29679,Málaga,952855242,952856019,benahavis@escuelahosteleria.es,http://www.escuelahosteleria.es,2026-01-27T19:15:58.894124
29,Málaga,MEDITERRÁNEA DEL CORAZÓN,https://fundosbuscador.mjusticia.gob.es/fundosbuscador/DetalleFundacion.action?idFundacion=4418&index=1&lang=es_ES,=4418,2026-01-27T18:51:29.856537,G92355585,665EDU,,08/07/2002,08/05/2003,"Boulevard Príncipe Alfonso Von Hohenlohe, s/n - Centro de Negocios Tembo, Bloque 2, Portal B, Oficinas 5-6",Marbella,29600,Málaga,952773466,,,,2026-01-27T19:16:00.624523
29,Málaga,ITACA,https://fundosbuscador.mjusticia.gob.es/fundosbuscador/DetalleFundacion.action?idFundacion=4612&index=1&lang=es_ES,=4612,2026-01-27T18:51:29.876020,G92551472,739EDU,,19/03/2004,13/05/2004,"Ronda del Golf Este, 7-11",Benalmádena,29630,Málaga,952576065,,comunicacion@fudacionitaca.com,,2026-01-27T19:16:02.261274
29,Málaga,PRINCESA DE HOHENZOLLERN,https://fundosbuscador.mjusticia.gob.es/fundosbuscador/DetalleFundacion.action?idFundacion=4627&index=1&lang=es_ES,=4627,2026-01-27T18:51:29.891339,G92532761,760EDU,,26/03/2004,25/06/2004,Conjunto Residencial Greenlife Village - Bloque 4 - Apartamento número 412 - Urbanización Río Real,Marbella,29600,Málaga,952771803,,,,2026-01-27T19:16:03.849180
29,Málaga,BONYADE TAGWIATE FEKR IRAN ANDALUS,https://fundosbuscador.mjusticia.gob.es/fundosbuscador/DetalleFundacion.action?idFundacion=4651&index=1&lang=es_ES,=4651,2026-01-27T18:51:29.974389,G92421841,894EDU,,09/04/2003,11/05/2006,"Urbanización Marbesa, C/ Cartagena",Marbella,29600,Málaga,952651181,,,,2026-01-27T19:16:07.418643
29,Málaga,AULA SMART,https://fundosbuscador.mjusticia.gob.es/fundosbuscador/DetalleFundacion.action?idFundacion=4701&index=1&lang=es_ES,=4701,2026-01-27T18:51:30.074269,G92581651,782EDU,,30/09/2004,13/12/2004,"C/. Palma del Río, 19- Edificio Melior",Málaga,29004,Málaga,902367963,902367964,,,2026-01-27T19:16:08.999845
29,Málaga,TORCAL,https://fundosbuscador.mjusticia.gob.es/fundosbuscador/DetalleFundacion.action?idFundacion=4702&index=1&lang=es_ES,=4702,2026-01-27T18:51:30.177562,G92550821,783EDU,,04/05/2004,13/12/2004,"C/. Lope de Rueda, 35",Puerto de la Torre,29190,Málaga,952432849,952432808,fundacion@torcal.es,,2026-01-27T19:16:10.591982
29,Málaga,ECCUS,https://fundosbuscador.mjusticia.gob.es/fundosbuscador/DetalleFundacion.action?idFundacion=4729&index=1&lang=es_ES,=4729,2026-01-27T18:51:30.203259,G84197854,799EDU,,03/12/2004,11/02/2005,"C/ Almena, 7",Alhaurín de la Torre,29130,Málaga,915335023,,,,2026-01-27T19:16:12.158221
29,Málaga,PREMIER LAW,https://fundosbuscador.mjusticia.gob.es/fundosbuscador/DetalleFundacion.action?idFundacion=4755&index=1&lang=es_ES,=4755,2026-01-27T18:51:30.219267,G92617240,852EDU,,01/02/2005,16/11/2005,"Urbabanización Carolina Park, Edificio Comercial, Oficina 40",Marbella,29600,Málaga,952764483,952825637,info@premierlaw.net,,2026-01-27T19:16:13.805171
29,Málaga,TERMINUS,https://fundosbuscador.mjusticia.gob.es/fundosbuscador/DetalleFundacion.action?idFundacion=4796&index=1&lang=es_ES,=4796,2026-01-27T18:51:30.244580,G92648310,840CIN,,12/05/2005,08/09/2005,"C/ Severo Ochoa, 4",Campanillas,29590,Málaga,627572087,,,,2026-01-27T19:16:15.375658
29,Málaga,FESALUD-FUNDACIÓN PARA LA E-SALUD,https://fundosbuscador.mjusticia.gob.es/fundosbuscador/DetalleFundacion.action?idFundacion=4899&index=1&lang=es_ES,=4899,2026-01-27T18:51:30.261364,G92720275,889EDU,,23/12/2005,28/04/2006,"C/ Conde de las Navas, 29",Málaga,29017,Málaga,952020468,,info@fesalud.org,http://www.fesalud.org,2026-01-27T19:16:17.135816
29,Málaga,INSTITUTO ESPAÑOL DE ESTUDIOS DE URBANISMO,https://fundosbuscador.mjusticia.gob.es/fundosbuscador/DetalleFundacion.action?idFundacion=5032&index=1&lang=es_ES,=5032,2026-01-27T18:51:30.275055,G92802651,983EDU,,25/09/2006,25/07/2007,"Avenida Ricardo Soriano, 14-2C",Marbella,29601,Málaga,952772248,952826065,info@fydu.com,http://www.fydu.com/,2026-01-27T19:16:18.696623
29,Málaga,TERCIO DE EXTRANJEROS,https://fundosbuscador.mjusticia.gob.es/fundosbuscador/DetalleFundacion.action?idFundacion=5344&index=1&lang=es_ES,=5344,2026-01-27T18:51:30.289986,G92998541,1193EDU,,04/03/2009,03/12/2009,"Avenida Imperio Argentina 7, portal 3, ático A",Málaga,29004,Málaga,,,,,2026-01-27T19:16:20.647988
29,Málaga,YOUBANK,https://fundosbuscador.mjusticia.gob.es/fundosbuscador/DetalleFundacion.action?idFundacion=5473&index=1&lang=es_ES,=5473,2026-01-27T18:51:30.305077,G93056463,1336EDU,,10/03/2010,11/02/2011,"C/ Marqués de Larios, 4 - 3ª planta",Málaga,29005,Málaga,,,joselacalle@youbank.eu,,2026-01-27T19:16:22.223496
29,Málaga,ASESORES LOCALES,https://fundosbuscador.mjusticia.gob.es/fundosbuscador/DetalleFundacion.action?idFundacion=5534&index=1&lang=es_ES,=5534,2026-01-27T18:51:30.323579,G93080737,1285EDU,,02/08/2010,06/09/2010,"Avenida Pintor Sorolla, 49",Málaga,29016,Málaga,952219357,952609924,fundacional@fundacionasesoreslocales.org,http://www.fundacionasesoreslocales.org,2026-01-27T19:16:23.983133
29,Málaga,MAUDE,https://fundosbuscador.mjusticia.gob.es/fundosbuscador/DetalleFundacion.action?idFundacion=5689&index=1&lang=es_ES,=5689,2026-01-27T18:51:30.333776,G93120848,1433EDU,,08/08/2011,16/01/2012,"C/Donoso Cortés, Locales 9-11",Málaga,29002,Málaga,657019830,,,,2026-01-27T19:16:25.653427
29,Málaga,CÁNOVAS XIX-XXI,https://fundosbuscador.mjusticia.gob.es/fundosbuscador/DetalleFundacion.action?idFundacion=5751&index=1&lang=es_ES,=5751,2026-01-27T18:51:30.353024,G93197127,1498CUL,,24/05/2012,30/07/2012,"AVDA. JUAN SEBASTIÁN EL CANO, 69",Málaga,29017,Málaga,618631649,,info@canovasfundacion.com,http://www.canovasfundacion.com,2026-01-27T19:16:28.082804
29,Málaga,COLEGIO UNAMUNO,https://fundosbuscador.mjusticia.gob.es/fundosbuscador/DetalleFundacion.action?idFundacion=5755&index=1&lang=es_ES,=5755,2026-01-27T18:51:30.367456,G93196921,1486EDU,,09/05/2012,02/07/2012,"C/ Escritura Fuster Gallardo, 11",Málaga,29018,Málaga,,,,,2026-01-27T19:16:29.757897
29,Málaga,BOSQUES DE LA TIERRA,https://fundosbuscador.mjusticia.gob.es/fundosbuscador/DetalleFundacion.action?idFundacion=10293&index=1&lang=es_ES,=10293,2026-01-27T18:51:30.381211,G29766243,266CUL,,02/05/1995,02/01/1996,"C/. Maestranza, 4 - 1º D",Málaga,29016,Málaga,619741405,952600667,forestal@grn.es,,2026-01-27T19:16:31.472848
29,Málaga,FENIX,https://fundosbuscador.mjusticia.gob.es/fundosbuscador/DetalleFundacion.action?idFundacion=10367&index=1&lang=es_ES,=10367,2026-01-27T18:51:30.398947,G28184000,334CUL,,24/06/1997,21/10/1997,"C/. Victoria Mérida Piret, 4",Málaga,29004,Málaga,907609609,952061029,fenix@grupofenix.com,http://www.grupofenix.com,2026-01-27T19:16:33.070280
30,Murcia,EUROPEA PARA EL DESARROLLO DE LA FORMACIÓN (FEDEFOR),https://fundosbuscador.mjusticia.gob.es/fundosbuscador/DetalleFundacion.action?idFundacion=2219&index=1&lang=es_ES,=2219,2026-01-27T18:51:33.972871,G30677769,216EDU,,20/03/1991,05/03/1993,"C/. Real, 80",Cartagena,30201,Murcia,968505313,968523605,lema@cajamurcia.es,,2026-01-27T19:16:34.912932
30,Murcia,UNIVERSITARIA SAN ANTONIO,https://fundosbuscador.mjusticia.gob.es/fundosbuscador/DetalleFundacion.action?idFundacion=2998&index=1&lang=es_ES,=2998,2026-01-27T18:51:33.988671,G30626303,145EDU,,24/12/1986,27/06/1988,"Monasterio de los Jerónimos. Avenida de los Jerónimos, 135.",GUADALUPE,30107,Murcia,968278803,968278709,,,2026-01-27T19:16:37.210399
30,Murcia,ESCUELA INTERNACIONAL DE ESTUDIOS SOBRE DISCAPACIDAD ELENA DEL CAMPO,https://fundosbuscador.mjusticia.gob.es/fundosbuscador/DetalleFundacion.action?idFundacion=3460&index=1&lang=es_ES,=3460,2026-01-27T18:51:34.004633,G30563159,449EDU,,03/10/1997,22/06/1999,"Avenida Fontes, s/n",Torre Pacheco,30203,Murcia,,,,,2026-01-27T19:16:39.017729
30,Murcia,THE MEDITERRANEAN TUNA FUNDATION,https://fundosbuscador.mjusticia.gob.es/fundosbuscador/DetalleFundacion.action?idFundacion=4145&index=1&lang=es_ES,=4145,2026-01-27T18:51:34.020444,G30748289,549EDU,,20/11/2000,17/04/2001,C/. Estrella - Villa 148 - La Manga Hayatt Club,Los Belones-Cartagena,30385,Murcia,,,,,2026-01-27T19:16:40.598677
30,Murcia,REAL MURCIA C.F.,https://fundosbuscador.mjusticia.gob.es/fundosbuscador/DetalleFundacion.action?idFundacion=4188&index=1&lang=es_ES,=4188,2026-01-27T18:51:34.036502,G73128944,692EDU,,21/03/2001,31/07/2003,"Estadio Nueva Condomina, Avda. del Estadio, s/n",Churra,30110,Murcia,968242812,968245488,mdalcolea@realmurcia.es,http://www.realmurcia.es,2026-01-27T19:16:42.642800
30,Murcia,PARA LA INVESTIGACIÓN Y EL DESARROLLO TECNOLÓGICO DE LA SOCIEDAD DEL CONOCIMIENTO (FUNDESOCO),https://fundosbuscador.mjusticia.gob.es/fundosbuscador/DetalleFundacion.action?idFundacion=4686&index=1&lang=es_ES,=4686,2026-01-27T18:51:34.055415,G73263535,772EDU,,09/09/2003,06/09/2004,"C/ Andrés Segovia, 16 - 1ªD",Bullas,30180,Murcia,968345951,,fundesoco@gmail.com,http://www.fundesoco.es,2026-01-27T19:16:44.351785
30,Murcia,ESPAÑOLA DE OSTEOPATÍA,https://fundosbuscador.mjusticia.gob.es/fundosbuscador/DetalleFundacion.action?idFundacion=4758&index=1&lang=es_ES,=4758,2026-01-27T18:51:34.076057,G73353658,816EDU,,12/01/2005,23/05/2005,"C/. Navarra, 5 - Escuela Europea de Osteopatía",Murcia,30005,Murcia,,,,,2026-01-27T19:16:46.049331
30,Murcia,OBSERVATORIO INTERNACIONAL DE INVESTIGACIÓN BIOMÉDICA,https://fundosbuscador.mjusticia.gob.es/fundosbuscador/DetalleFundacion.action?idFundacion=4998&index=1&lang=es_ES,=4998,2026-01-27T18:51:34.094860,G73472300,935CIN,,01/06/2006,17/11/2006,"Avda. de los Jerónimos, s/n Monasterio de San Pedro",Guadalupe,30107,Murcia,968278756,,,,2026-01-27T19:16:47.856470
30,Murcia,"EDUCACIÓN, SALUD Y SOCIEDAD",https://fundosbuscador.mjusticia.gob.es/fundosbuscador/DetalleFundacion.action?idFundacion=5060&index=1&lang=es_ES,=5060,2026-01-27T18:51:34.111963,G73500134,977EDU,,16/02/2007,22/06/2007,"Plaza Preciosa, 1 - Entresuelo",Murcia,30008,Murcia,650061175,,info@pacienteexperto.org,http://www.educacionsaludysociedad.org,2026-01-27T19:16:49.689202
30,Murcia,ONCO ESTÉTICA GUAPA,https://fundosbuscador.mjusticia.gob.es/fundosbuscador/DetalleFundacion.action?idFundacion=5330&index=1&lang=es_ES,=5330,2026-01-27T18:51:34.126850,G73611261,1133EDU,,26/11/2008,21/05/2009,"C/ Platería,14 - bloque 2- entresuelo",Murcia,30004,Murcia,609170013,968219831,,,2026-01-27T19:16:51.249162
30,Murcia,ASINTER,https://fundosbuscador.mjusticia.gob.es/fundosbuscador/DetalleFundacion.action?idFundacion=5377&index=1&lang=es_ES,=5377,2026-01-27T18:51:34.141859,G73639007,1192EDU,,06/07/2009,03/12/2009,"C/ Periodista Encarna Sánchez, nº 20-Bajo",Murcia,30007,Murcia,,,,,2026-01-27T19:16:53.076258
30,Murcia,ESPAÑOLA PARA EL DESARROLLO DE LA NEUROMETRÍA,https://fundosbuscador.mjusticia.gob.es/fundosbuscador/DetalleFundacion.action?idFundacion=5415&index=1&lang=es_ES,=5415,2026-01-27T18:51:34.149637,G73650608,1229EDU,,03/11/2009,26/03/2010,"Avenida Artero Guirao, 120 - 2ª.A",San Pedro del Pinatar,30740,Murcia,622592153,,,http://www.brainmech.org,2026-01-27T19:16:54.767953
30,Murcia,DE CIENCIAS SOCIALES Y DE LA SALUD,https://fundosbuscador.mjusticia.gob.es/fundosbuscador/DetalleFundacion.action?idFundacion=5481&index=1&lang=es_ES,=5481,2026-01-27T18:51:34.168366,G73668725,1275EDU,,04/03/2010,16/07/2010,"C/Pintor Joaquín, 1 entlo.",Murcia,30009,Murcia,,,,,2026-01-27T19:16:56.574925
30,Murcia,INSTITUTO EUROPEO PARA LA FORMACIÓN PROFESIONAL,https://fundosbuscador.mjusticia.gob.es/fundosbuscador/DetalleFundacion.action?idFundacion=5546&index=1&lang=es_ES,=5546,2026-01-27T18:51:34.181006,G73689093,1313EDU,,18/10/2010,17/12/2010,"C/ Polo de Medina, 19 - 1ª izda",Murcia,30004,Murcia,615241157,968215937,fundacioniefp@fundacioniefp.es,http://wwww.fundacioniefp.es,2026-01-27T19:16:58.162986
30,Murcia,FRESS,https://fundosbuscador.mjusticia.gob.es/fundosbuscador/DetalleFundacion.action?idFundacion=5620&index=1&lang=es_ES,=5620,2026-01-27T18:51:34.198849,G73711384,1364EDU,,23/03/2011,20/04/2011,"C/Santa Catalina, 8",Murcia,30004,Murcia,,,,,2026-01-27T19:16:59.706789
30,Murcia,MATERNAL CRECER EN ARMONÍA,https://fundosbuscador.mjusticia.gob.es/fundosbuscador/DetalleFundacion.action?idFundacion=5726&index=1&lang=es_ES,=5726,2026-01-27T18:51:34.212477,G73748519,1469EDU,,16/03/2012,21/05/2012,"Avenida Dr. Pedro Guillén, 5 - esquina Avenida Miguel de Cervantes - Centro de Negocios Marla Center",Murcia,30100,Murcia,699971007,,javier.abellan@fundacionmaternal.org,http://www.fundacionmaternal.org,2026-01-27T19:17:01.543229
30,Murcia,JUAN DE LA CIERVA,https://fundosbuscador.mjusticia.gob.es/fundosbuscador/DetalleFundacion.action?idFundacion=10112&index=1&lang=es_ES,=10112,2026-01-27T18:51:34.230172,B81319949,50CUL,,30/01/1982,17/09/1982,Santo Angel - Finca Torre Cierva,Murcia,30051,Murcia,,,,,2026-01-27T19:17:03.411648
30,Murcia,DE VICTIMOLOGÍA,https://fundosbuscador.mjusticia.gob.es/fundosbuscador/DetalleFundacion.action?idFundacion=14517&index=1&lang=es_ES,=14517,2026-01-27T18:51:34.244294,G30768014,558CUL,,15/07/2003,17/12/2003,"C/. Doctor Luis Calandre, 12",Cartagena,30205,Murcia,968082880,968082879,info@funvic.org,http://www.funvic.org,2026-01-27T19:17:07.351523
30,Murcia,ÁNGEL TOMÁS,https://fundosbuscador.mjusticia.gob.es/fundosbuscador/DetalleFundacion.action?idFundacion=14644&index=1&lang=es_ES,=14644,2026-01-27T18:51:34.250047,G73307852,607CUL,,20/05/2004,12/07/2004,"C/. Sierra Nevada, 86 - Urbanización Montepinar",El Esparragal,30163,Murcia,968859620,,,,2026-01-27T19:17:08.990800
30,Murcia,FESTIVAL DE CINE FANTÁSTICO DE LA REGIÓN DE MURCIA SOMBRA,https://fundosbuscador.mjusticia.gob.es/fundosbuscador/DetalleFundacion.action?idFundacion=14815&index=1&lang=es_ES,=14815,2026-01-27T18:51:34.270723,G73376964,667CUL,,28/05/2005,13/07/2005,Calle Simón García nº 30,Murcia,30003,Murcia,968225040,968225040,alfonsopindado@gmail.com,,2026-01-27T19:17:10.642374
30,Murcia,ISABEL ALMANSA CÁRCELES MANOS ABIERTAS,https://fundosbuscador.mjusticia.gob.es/fundosbuscador/DetalleFundacion.action?idFundacion=14827&index=1&lang=es_ES,=14827,2026-01-27T18:51:34.281124,G73400707,685CUL,,05/05/2005,17/11/2005,"Urbanización Mossa Trajectum, RA - 241- 4",Baños y Mendigo,30155,Murcia,,,,,2026-01-27T19:17:12.287310
30,Murcia,HISPANIA ARTE,https://fundosbuscador.mjusticia.gob.es/fundosbuscador/DetalleFundacion.action?idFundacion=14987&index=1&lang=es_ES,=14987,2026-01-27T18:51:34.307457,G73463382,727CUL,,21/06/2006,11/09/2006,"Polígono San Pío X Plaza Joaquín Sánchez, 11",Murcia,30010,Murcia,968202735,968902111,,,2026-01-27T19:17:13.856844
30,Murcia,MUSEO TAURINO MANOLO JUÁREZ DE CARTAGENA,https://fundosbuscador.mjusticia.gob.es/fundosbuscador/DetalleFundacion.action?idFundacion=15098&index=1&lang=es_ES,=15098,2026-01-27T18:51:34.322983,G30808778,785CUL,,20/02/2007,04/10/2007,"C/. Subida a los Pinos, 11 - 1ª",Cartagena,30205,Murcia,968123545,968123545,,,2026-01-27T19:17:15.560280
30,Murcia,CARMEN MONTERO MEDINA,https://fundosbuscador.mjusticia.gob.es/fundosbuscador/DetalleFundacion.action?idFundacion=15118&index=1&lang=es_ES,=15118,2026-01-27T18:51:34.343812,G73521379,777CUL,,23/05/2007,25/07/2007,"C/ Palma de Mallorca, 2-2º, Esc. 1ºC",Murcia,30009,Murcia,,,,,2026-01-27T19:17:17.509031
30,Murcia,HÍPICA Y CULTURA,https://fundosbuscador.mjusticia.gob.es/fundosbuscador/DetalleFundacion.action?idFundacion=15240&index=1&lang=es_ES,=15240,2026-01-27T18:51:34.353965,G73490922,882CUL,,06/10/2004,10/06/2009,"C/. Verónicas, 8 - 3ª planta",Murcia,30004,Murcia,606711139,,,,2026-01-27T19:17:19.275173
30,Murcia,MANUEL CASCALES,https://fundosbuscador.mjusticia.gob.es/fundosbuscador/DetalleFundacion.action?idFundacion=15308&index=1&lang=es_ES,=15308,2026-01-27T18:51:34.374376,G73615601,934CUL,,19/01/2009,06/07/2010,"Avenida de Florencia, 47",Murcia,30011,Murcia,609640006,,,,2026-01-27T19:17:21.153748
30,Murcia,FUENTESVICENTE,https://fundosbuscador.mjusticia.gob.es/fundosbuscador/DetalleFundacion.action?idFundacion=15325&index=1&lang=es_ES,=15325,2026-01-27T18:51:34.384741,G73624819,874CUL,,12/03/2009,14/04/2009,"Vereda del Catalán, 42",Santa Cruz,30162,Murcia,968870848,,,,2026-01-27T19:17:22.820811
30,Murcia,PATRIMONIO HISTÓRICO Y DESARROLLO PARA EL SIGLO XXI,https://fundosbuscador.mjusticia.gob.es/fundosbuscador/DetalleFundacion.action?idFundacion=15456&index=1&lang=es_ES,=15456,2026-01-27T18:51:34.412004,G30855811,984CUL,,25/02/2011,11/03/2011,"C/. Canalejas, 20",La Palma - Cartagena,30593,Murcia,696425095,,,,2026-01-27T19:17:29.612118
30,Murcia,ETICOTAKU,https://fundosbuscador.mjusticia.gob.es/fundosbuscador/DetalleFundacion.action?idFundacion=15486&index=1&lang=es_ES,=15486,2026-01-27T18:51:34.432605,G86236635,1040CUL,,06/05/2011,11/04/2012,"Avenida Doctor Pedro Guillén, 5",Murcia,30100,Murcia,,,,,2026-01-27T19:17:31.078331
30,Murcia,LAVOISIER PARA EL DESARROLLO Y OPTIMIZACIÓN DE LA FARMACOLOGÍA,https://fundosbuscador.mjusticia.gob.es/fundosbuscador/DetalleFundacion.action?idFundacion=15532&index=1&lang=es_ES,=15532,2026-01-27T18:51:34.448497,G73760092,1494EDU,,25/06/2012,23/07/2012,"C/ Acisclo Díaz, 2",Murcia,30005,Murcia,,,,,2026-01-27T19:17:32.689744
31,Navarra,ESPAÑOLA PARA LA INVESTIGACIÓN DEL CÁNCER,https://fundosbuscador.mjusticia.gob.es/fundosbuscador/DetalleFundacion.action?idFundacion=2494&index=1&lang=es_ES,=2494,2026-01-27T18:51:37.978192,G31612591,380CIN,,11/11/1997,17/04/1998,"Polígono de Berriainz, C/E, 171 - Oficina 2",Aizoain,31195,Navarra,948426037,948428904,president@oncologia.org,,2026-01-27T19:17:34.253328
31,Navarra,"FIDER, INNOVACIÓN Y DESARROLLO DE LAS ENERGÍAS RENOVABLES",https://fundosbuscador.mjusticia.gob.es/fundosbuscador/DetalleFundacion.action?idFundacion=5097&index=1&lang=es_ES,=5097,2026-01-27T18:51:37.998936,G31917016,990CIN,,31/01/2007,07/09/2007,"Ctra. Pamplona-Salinas, nº11",Esquiroz-Cendea de Galar,31191,Navarra,948853099,948853070,info@fundacionfider.org,http://fundacionfider.org/,2026-01-27T19:17:36.079024
31,Navarra,MAESTRO ÁVILA,https://fundosbuscador.mjusticia.gob.es/fundosbuscador/DetalleFundacion.action?idFundacion=5334&index=1&lang=es_ES,=5334,2026-01-27T18:51:38.019487,G71006845,1136EDU,,24/03/2009,21/05/2009,"C/ San Sebastián, 1",Arguiñano,31176,Navarra,,,fundacionmaesa@gmail.com,,2026-01-27T19:17:38.065092
31,Navarra,PAULINO CABALLERO (ACADEMIA DE MÚSICA),https://fundosbuscador.mjusticia.gob.es/fundosbuscador/DetalleFundacion.action?idFundacion=10137&index=1&lang=es_ES,=10137,2026-01-27T18:51:38.040121,G00000000,4CUL,,06/03/1923,11/10/1928,Ayuntamiento de Pamplona,Pamplona,31071,Navarra,,,,,2026-01-27T19:17:39.626509
31,Navarra,GOLDBERG,https://fundosbuscador.mjusticia.gob.es/fundosbuscador/DetalleFundacion.action?idFundacion=15006&index=1&lang=es_ES,=15006,2026-01-27T18:51:38.136033,G31901176,742CUL,,31/08/2006,19/12/2006,"Polígono de Talluntxe, calle A - Nave 24",Noain,31110,Navarra,948210112,,,,2026-01-27T19:17:41.328910
31,Navarra,LECTURA PARA TODOS,https://fundosbuscador.mjusticia.gob.es/fundosbuscador/DetalleFundacion.action?idFundacion=15449&index=1&lang=es_ES,=15449,2026-01-27T18:51:38.216656,G71056675,1004CUL,,17/02/2011,02/06/2011,"C/. Francisco Javier Sáenz de Oiza, 86, 1ª A",Pamplona,31012,Navarra,948363404,,,,2026-01-27T19:17:42.896337
31,Navarra,KOINE-AEQUALITAS,https://fundosbuscador.mjusticia.gob.es/fundosbuscador/DetalleFundacion.action?idFundacion=16655&index=1&lang=es_ES,=16655,2026-01-27T18:51:38.246129,G83496000,670SND,,21/11/2002,20/06/2003,"Avda. Guipúzcoa 61, Bajo",Berriozar,31013,Navarra,948199775,,fundacion@koine-aequalitas.org,http://www.koine-aequalitas.org,2026-01-27T19:17:44.732644
31,Navarra,MICROFINANZAS Y DESARROLLO (MICROFIDES),https://fundosbuscador.mjusticia.gob.es/fundosbuscador/DetalleFundacion.action?idFundacion=17164&index=1&lang=es_ES,=17164,2026-01-27T18:51:38.267733,G71079230,1179SND,,07/11/2011,08/06/2012,"C/ Monte Campamento, 39 - planta baja B",Pamplona,31016,Navarra,,,,,2026-01-27T19:17:46.388886
31,Navarra,EL AZUCARILLO SOLIDARIO,https://fundosbuscador.mjusticia.gob.es/fundosbuscador/DetalleFundacion.action?idFundacion=18178&index=1&lang=es_ES,=18178,2026-01-27T18:51:38.280713,G71373492,2276JUS,,10/04/2019,20/01/2020,"C/ Merindad de Tudela nº4, 4º A",Noain,31110,Navarra,,,,,2026-01-27T19:17:48.174883
31,Navarra,SLTKI,https://fundosbuscador.mjusticia.gob.es/fundosbuscador/DetalleFundacion.action?idFundacion=18406&index=1&lang=es_ES,=18406,2026-01-27T18:51:38.303579,G71393532,2369JUS,,31/12/2019,06/03/2021,"Polígono Industrial Landaben , calle A. s/n",Pamplona,31012,Navarra,629514040,,,,2026-01-27T19:17:49.994953
31,Navarra,NAVARRA DE AUTISMO ALEGRIA,https://fundosbuscador.mjusticia.gob.es/fundosbuscador/DetalleFundacion.action?idFundacion=18424&index=1&lang=es_ES,=18424,2026-01-27T18:51:38.319388,G71387039,2440JUS,,31/10/2019,27/10/2021,"Calle Monasterio de Urdax nº 36, 1º B",Pamplona,31011,Navarra,,,,,2026-01-27T19:17:51.989667
31,Navarra,CEAFA FUNDACION,https://fundosbuscador.mjusticia.gob.es/fundosbuscador/DetalleFundacion.action?idFundacion=18482&index=1&lang=es_ES,=18482,2026-01-27T18:51:38.335168,G71428080,2463JUS,,01/03/2021,20/12/2021,"C/ Pedro Alcatarena , 3 bajo",Pamplona,31014,Navarra,,,,,2026-01-27T19:17:53.909800
